scheme,seed,model,rmse,r2
group,0,B0 mean,4.902599913810726,0.0
group,0,B1 body + bat,4.268610090353548,0.2419112237637383
group,0,"B2 + age, level",4.245452406191002,0.2501143435564176
group,0,B3 + pelvis/trunk (enet),4.073365245922199,0.30967468328139425
group,0,B3 + pelvis/trunk (gbm),4.515598253346961,0.15164487800131266
group,0,B4 + arm/hand (enet),3.438306247711872,0.5081460015032451
group,0,B4 + arm/hand (gbm),3.793191414987082,0.40137257213452116
group,1,B0 mean,4.91119977770368,0.0
group,1,B1 body + bat,4.309131792154403,0.23015312285398504
group,1,"B2 + age, level",4.417057430675518,0.19110734747795588
group,1,B3 + pelvis/trunk (enet),4.070807799881274,0.3129537167599282
group,1,B3 + pelvis/trunk (gbm),4.592966587722073,0.12539617826583627
group,1,B4 + arm/hand (enet),3.3191367245711234,0.5432536518011439
group,1,B4 + arm/hand (gbm),4.00556835444863,0.3347986940266222
group,2,B0 mean,4.878089637587886,0.0
group,2,B1 body + bat,4.229574597635349,0.2482147073528479
group,2,"B2 + age, level",4.225213363368778,0.249764282288776
group,2,B3 + pelvis/trunk (enet),4.069548829230857,0.30402606561567225
group,2,B3 + pelvis/trunk (gbm),4.523890223366247,0.13994829194229352
group,2,B4 + arm/hand (enet),3.289140275196153,0.5453625172609586
group,2,B4 + arm/hand (gbm),3.7554057643035703,0.4073283082256216
group,3,B0 mean,4.897416420153685,0.0
group,3,B1 body + bat,4.342500843850826,0.21377697723994715
group,3,"B2 + age, level",4.400886291299709,0.1924931240257609
group,3,B3 + pelvis/trunk (enet),4.114965894210359,0.2940102202587628
group,3,B3 + pelvis/trunk (gbm),4.3929552182417035,0.19540100428077867
group,3,B4 + arm/hand (enet),3.4949211803960973,0.490738663568991
group,3,B4 + arm/hand (gbm),3.6887786352649377,0.43267604518209946
group,4,B0 mean,4.882628163656321,0.0
group,4,B1 body + bat,4.27722968173712,0.23260698796608303
group,4,"B2 + age, level",4.286176309568703,0.22939333776995496
group,4,B3 + pelvis/trunk (enet),4.08715951765637,0.2992939415772289
group,4,B3 + pelvis/trunk (gbm),4.388626443272596,0.19211428794901886
group,4,B4 + arm/hand (enet),3.348852279365908,0.5295811910199453
group,4,B4 + arm/hand (gbm),3.736436819569339,0.4143906766999167
group,5,B0 mean,4.916594130184293,0.0
group,5,B1 body + bat,4.272997844749815,0.2446701797458365
group,5,"B2 + age, level",4.32622421028558,0.22573553072544006
group,5,B3 + pelvis/trunk (enet),4.166239982257946,0.28194146585308766
group,5,B3 + pelvis/trunk (gbm),4.41640039379131,0.1931214632766055
group,5,B4 + arm/hand (enet),3.519622001595074,0.48753603661368905
group,5,B4 + arm/hand (gbm),3.773980320211725,0.4107894075815034
group,6,B0 mean,4.978811319724625,0.0
group,6,B1 body + bat,4.350189579389548,0.23657736755956638
group,6,"B2 + age, level",4.3431888640526335,0.23903252681455345
group,6,B3 + pelvis/trunk (enet),4.063866625977894,0.33376482876015556
group,6,B3 + pelvis/trunk (gbm),4.463953162157347,0.19612611222101906
group,6,B4 + arm/hand (enet),3.442299805925002,0.521980021325064
group,6,B4 + arm/hand (gbm),3.977420888701736,0.36180740030753433
group,7,B0 mean,4.902054367200034,0.0
group,7,B1 body + bat,4.224240620452587,0.25742375894969305
group,7,"B2 + age, level",4.226612123823696,0.25658975514205895
group,7,B3 + pelvis/trunk (enet),4.0926741914178395,0.3029593620766957
group,7,B3 + pelvis/trunk (gbm),4.356393182767675,0.21023498335148705
group,7,B4 + arm/hand (enet),3.4386382092429244,0.5079415184056715
group,7,B4 + arm/hand (gbm),3.847017325891011,0.3841257628280147
group,8,B0 mean,4.903498822259331,0.0
group,8,B1 body + bat,4.272512308973996,0.2408029803748355
group,8,"B2 + age, level",4.270243641444171,0.24160902057878342
group,8,B3 + pelvis/trunk (enet),4.0495552634809275,0.31797152112412186
group,8,B3 + pelvis/trunk (gbm),4.461900267875982,0.17200528104542945
group,8,B4 + arm/hand (enet),3.469423089711147,0.4993867059950893
group,8,B4 + arm/hand (gbm),3.85994832767561,0.3803437547098826
group,9,B0 mean,4.919719650273022,0.0
group,9,B1 body + bat,4.301310548860451,0.23559963133318274
group,9,"B2 + age, level",4.381754892640728,0.2067401928370064
group,9,B3 + pelvis/trunk (enet),4.084657246192942,0.31066468398526337
group,9,B3 + pelvis/trunk (gbm),4.477644488777731,0.17164116730806067
group,9,B4 + arm/hand (enet),3.5833243658502374,0.46949249169104945
group,9,B4 + arm/hand (gbm),3.9244126228643914,0.3636901920562188
group,10,B0 mean,4.885555125713916,0.0
group,10,B1 body + bat,4.25915610213695,0.23999004766815557
group,10,"B2 + age, level",4.235088079320425,0.24855524395310458
group,10,B3 + pelvis/trunk (enet),4.144471775406583,0.28036788429460147
group,10,B3 + pelvis/trunk (gbm),4.389988289726672,0.19258114375603896
group,10,B4 + arm/hand (enet),3.52055840341024,0.4807275631386906
group,10,B4 + arm/hand (gbm),3.692941972179538,0.428630398193091
group,11,B0 mean,4.897760433638992,0.0
group,11,B1 body + bat,4.312405294713642,0.22474591334412197
group,11,"B2 + age, level",4.316528404660224,0.22326275687293407
group,11,B3 + pelvis/trunk (enet),4.034085880976476,0.3215853741260891
group,11,B3 + pelvis/trunk (gbm),4.428322930859441,0.1825080387678376
group,11,B4 + arm/hand (enet),3.253186133071091,0.5588129584922004
group,11,B4 + arm/hand (gbm),3.9409516282873573,0.3525486634987053
group,12,B0 mean,4.901420575045543,0.0
group,12,B1 body + bat,4.196531854334172,0.26694407381324947
group,12,"B2 + age, level",4.208225674065419,0.2628529969001028
group,12,B3 + pelvis/trunk (enet),4.114595958304397,0.2952899724336808
group,12,B3 + pelvis/trunk (gbm),4.203861591211307,0.2643811005658987
group,12,B4 + arm/hand (enet),3.310445906219369,0.5438275505667785
group,12,B4 + arm/hand (gbm),3.66025753140376,0.4423273487943601
group,13,B0 mean,4.909138781969655,0.0
group,13,B1 body + bat,4.249176212427069,0.2507981114392197
group,13,"B2 + age, level",4.22709967382081,0.2585628251045453
group,13,B3 + pelvis/trunk (enet),4.0730589045887085,0.3116160085629851
group,13,B3 + pelvis/trunk (gbm),4.415703228615058,0.19092434135140646
group,13,B4 + arm/hand (enet),3.30538276828711,0.5466507540523595
group,13,B4 + arm/hand (gbm),3.713638928378908,0.42774613889099466
group,14,B0 mean,4.900523498639777,0.0
group,14,B1 body + bat,4.339199137251617,0.2159672376080487
group,14,"B2 + age, level",4.414958006058616,0.18835110448484838
group,14,B3 + pelvis/trunk (enet),4.03255340396285,0.322864936557547
group,14,B3 + pelvis/trunk (gbm),4.620547432653068,0.1109996873256136
group,14,B4 + arm/hand (enet),3.2734533308433305,0.5538022713590549
group,14,B4 + arm/hand (gbm),3.8531636946897003,0.38177015442262663
group,15,B0 mean,4.887176512526561,0.0
group,15,B1 body + bat,4.243648287878767,0.24601498395911026
group,15,"B2 + age, level",4.241350288046814,0.2468313514771161
group,15,B3 + pelvis/trunk (enet),4.0546235597594285,0.31168849424923994
group,15,B3 + pelvis/trunk (gbm),4.509107624874136,0.1487342646881875
group,15,B4 + arm/hand (enet),3.325484177733916,0.5369864275186544
group,15,B4 + arm/hand (gbm),3.8120776230273403,0.39157448162805153
group,16,B0 mean,4.901559233794101,0.0
group,16,B1 body + bat,4.288439855660292,0.234526542100571
group,16,"B2 + age, level",4.27786048563252,0.2382986542281288
group,16,B3 + pelvis/trunk (enet),4.078943437927423,0.30748871413687595
group,16,B3 + pelvis/trunk (gbm),4.46408367087113,0.1705386744076679
group,16,B4 + arm/hand (enet),3.5889862773596306,0.4638638578915354
group,16,B4 + arm/hand (gbm),3.9620399031073723,0.34661497038254074
group,17,B0 mean,4.901016037588207,0.0
group,17,B1 body + bat,4.2597694426759345,0.244560063213214
group,17,"B2 + age, level",4.192497484867228,0.2682320671104197
group,17,B3 + pelvis/trunk (enet),4.071876314056339,0.3097333234954569
group,17,B3 + pelvis/trunk (gbm),4.533471098131811,0.14436319889181848
group,17,B4 + arm/hand (enet),3.507740030114415,0.4877493117989633
group,17,B4 + arm/hand (gbm),3.8191438666920767,0.3927608136275368
group,18,B0 mean,4.920567140886324,0.0
group,18,B1 body + bat,4.331834871231821,0.22497901510234364
group,18,"B2 + age, level",4.278498456037255,0.24394666229878792
group,18,B3 + pelvis/trunk (enet),4.068330448551627,0.31639989942021485
group,18,B3 + pelvis/trunk (gbm),4.397727112784889,0.20122175182061963
group,18,B4 + arm/hand (enet),3.3170796103932845,0.5455548578551364
group,18,B4 + arm/hand (gbm),3.8383423475283425,0.3915048923857386
group,19,B0 mean,4.921225504910263,0.0
group,19,B1 body + bat,4.208170743266832,0.2687932816253108
group,19,"B2 + age, level",4.169314603907689,0.28223413343047843
group,19,B3 + pelvis/trunk (enet),3.9524732870272286,0.3549530076901628
group,19,B3 + pelvis/trunk (gbm),4.370741861607045,0.2112056650204236
group,19,B4 + arm/hand (enet),3.305565232803953,0.5488250988630505
group,19,B4 + arm/hand (gbm),3.575909282191938,0.47200908124562513
random,0,B0 mean,4.872254505764129,0.0
random,0,B1 body + bat,4.101186996369237,0.29146842067944245
random,0,"B2 + age, level",3.991504575752802,0.32885967925415704
random,0,B3 + pelvis/trunk (enet),3.4550619604976203,0.497134607346955
random,0,B3 + pelvis/trunk (gbm),2.941882908153208,0.635421684179656
random,0,B4 + arm/hand (enet),2.7496870939556786,0.6815020666296696
random,0,B4 + arm/hand (gbm),2.246348682096746,0.7874337033077766
random,1,B0 mean,4.87402846680366,0.0
random,1,B1 body + bat,4.121862745009621,0.2848272978147669
random,1,"B2 + age, level",4.013852089790755,0.32181745660279304
random,1,B3 + pelvis/trunk (enet),3.4012911394312644,0.5130195880614645
random,1,B3 + pelvis/trunk (gbm),2.9616056749254764,0.6307858435281442
random,1,B4 + arm/hand (enet),2.724437578926896,0.6875521063220562
random,1,B4 + arm/hand (gbm),2.3161004065272954,0.7741923542379463
random,2,B0 mean,4.863776806793183,0.0
random,2,B1 body + bat,4.071439461234048,0.29927326377996044
random,2,"B2 + age, level",3.965586669013095,0.3352358092423744
random,2,B3 + pelvis/trunk (enet),3.40899367861234,0.508747111558965
random,2,B3 + pelvis/trunk (gbm),3.190868701346242,0.5696016543570672
random,2,B4 + arm/hand (enet),2.7561792150065996,0.6788797955298127
random,2,B4 + arm/hand (gbm),2.254787313608383,0.7850864042939909
random,3,B0 mean,4.862628859692843,0.0
random,3,B1 body + bat,4.0725813932601795,0.29854906430838957
random,3,"B2 + age, level",3.9595686291952066,0.33693897147819174
random,3,B3 + pelvis/trunk (enet),3.3719180889442986,0.5191476025528443
random,3,B3 + pelvis/trunk (gbm),3.010306114390869,0.6167527256362559
random,3,B4 + arm/hand (enet),2.7142319873528233,0.6884328353176479
random,3,B4 + arm/hand (gbm),2.1785692551742057,0.7992754494119798
random,4,B0 mean,4.865702204053723,0.0
random,4,B1 body + bat,4.102583923730835,0.2890748189528003
random,4,"B2 + age, level",3.996447104811576,0.32538329988364456
random,4,B3 + pelvis/trunk (enet),3.394242884707921,0.5133745906640808
random,4,B3 + pelvis/trunk (gbm),3.0257713680784697,0.6132937712062616
random,4,B4 + arm/hand (enet),2.7269995744519004,0.6858919332587043
random,4,B4 + arm/hand (gbm),2.278345064318156,0.7807457854768616
random,5,B0 mean,4.862823060621563,0.0
random,5,B1 body + bat,4.055503550362472,0.3044751732099601
random,5,"B2 + age, level",3.9391237436817113,0.34382102197243003
random,5,B3 + pelvis/trunk (enet),3.3808504370429815,0.5166352425818467
random,5,B3 + pelvis/trunk (gbm),3.1194705977532737,0.588485769500158
random,5,B4 + arm/hand (enet),2.7121058600083185,0.6889456071259681
random,5,B4 + arm/hand (gbm),2.390018526957903,0.7584396779472264
random,6,B0 mean,4.873746849744783,0.0
random,6,B1 body + bat,4.078971642811026,0.29955274569781776
random,6,"B2 + age, level",3.961822898905834,0.33920890646717616
random,6,B3 + pelvis/trunk (enet),3.3774765881701385,0.5197595253295324
random,6,B3 + pelvis/trunk (gbm),3.03440902407116,0.612365602965254
random,6,B4 + arm/hand (enet),2.67666143921696,0.6983794345217367
random,6,B4 + arm/hand (gbm),2.2521171492615384,0.7864714158864927
random,7,B0 mean,4.865015859783429,0.0
random,7,B1 body + bat,4.070768761730757,0.29986087808218753
random,7,"B2 + age, level",3.961459103032654,0.3369567888229459
random,7,B3 + pelvis/trunk (enet),3.4244116914876033,0.5045459058999735
random,7,B3 + pelvis/trunk (gbm),2.9632367459895383,0.6290083112337369
random,7,B4 + arm/hand (enet),2.748368921876718,0.6808597821630598
random,7,B4 + arm/hand (gbm),2.3477871732265565,0.7671110244944447
random,8,B0 mean,4.8682836841249575,0.0
random,8,B1 body + bat,4.085029215469851,0.2958931347314929
random,8,"B2 + age, level",3.9818729239772686,0.3310047455651207
random,8,B3 + pelvis/trunk (enet),3.3778474431686853,0.5185753674969701
random,8,B3 + pelvis/trunk (gbm),3.0814752492785202,0.5993495704949205
random,8,B4 + arm/hand (enet),2.7180521518871577,0.6882806113292954
random,8,B4 + arm/hand (gbm),2.2402505072439642,0.7882412260797869
random,9,B0 mean,4.866875501525295,0.0
random,9,B1 body + bat,4.110425390255783,0.2866986177912183
random,9,"B2 + age, level",4.0072152312934595,0.32206998068901194
random,9,B3 + pelvis/trunk (enet),3.4534547225089525,0.4964912069351288
random,9,B3 + pelvis/trunk (gbm),3.294156312358585,0.5418708428970712
random,9,B4 + arm/hand (enet),2.747845117064812,0.6812251674064325
random,9,B4 + arm/hand (gbm),2.2296348540473945,0.7901219522237086
random,10,B0 mean,4.865006745099331,0.0
random,10,B1 body + bat,4.100716034957428,0.28951894911495635
random,10,"B2 + age, level",3.9853689275596773,0.3289263793001349
random,10,B3 + pelvis/trunk (enet),3.381398693088767,0.5169124251332089
random,10,B3 + pelvis/trunk (gbm),3.182327134226113,0.5721192481701904
random,10,B4 + arm/hand (enet),2.745137735524157,0.6816085578444395
random,10,B4 + arm/hand (gbm),2.3404120465868266,0.768571012014792
random,11,B0 mean,4.866621527268995,0.0
random,11,B1 body + bat,4.075687333002207,0.29863098857236026
random,11,"B2 + age, level",3.9635530001152546,0.33669359024207945
random,11,B3 + pelvis/trunk (enet),3.386306210542472,0.5158306330310614
random,11,B3 + pelvis/trunk (gbm),3.1692168609689726,0.5759190443584481
random,11,B4 + arm/hand (enet),2.700607578821699,0.6920587853627945
random,11,B4 + arm/hand (gbm),2.317560273669981,0.773218862191762
random,12,B0 mean,4.8642365645137415,0.0
random,12,B1 body + bat,4.099436686051881,0.2897373283574346
random,12,"B2 + age, level",3.996576114782524,0.3249331203328232
random,12,B3 + pelvis/trunk (enet),3.476032799202871,0.48933233992223457
random,12,B3 + pelvis/trunk (gbm),3.2020992245631015,0.5666486090951006
random,12,B4 + arm/hand (enet),2.776550559806453,0.6741769562828188
random,12,B4 + arm/hand (gbm),2.3282234510541864,0.7709027148754725
random,13,B0 mean,4.862865752102007,0.0
random,13,B1 body + bat,4.085388255760685,0.29419925628566346
random,13,"B2 + age, level",3.9774781474969907,0.3309924114164392
random,13,B3 + pelvis/trunk (enet),3.356993267924087,0.5234413244678678
random,13,B3 + pelvis/trunk (gbm),3.022248057291466,0.6137436309741079
random,13,B4 + arm/hand (enet),2.698507348118245,0.6920624504880453
random,13,B4 + arm/hand (gbm),2.1758853401691187,0.7997892226789197
random,14,B0 mean,4.871801019377016,0.0
random,14,B1 body + bat,4.074553973002393,0.30051071519407435
random,14,"B2 + age, level",3.965970809349472,0.3372954646144075
random,14,B3 + pelvis/trunk (enet),3.4056577769939294,0.5113218442752849
random,14,B3 + pelvis/trunk (gbm),3.0017344917808186,0.6203656797664079
random,14,B4 + arm/hand (enet),2.7233228107847762,0.6875222033686229
random,14,B4 + arm/hand (gbm),2.320566628219613,0.7731133196124613
random,15,B0 mean,4.866005292367886,0.0
random,15,B1 body + bat,4.111112139955919,0.28620501435889356
random,15,"B2 + age, level",3.9982605616637623,0.32485503624651424
random,15,B3 + pelvis/trunk (enet),3.426242609699789,0.5042176408691119
random,15,B3 + pelvis/trunk (gbm),3.0114912324534004,0.6169829982065134
random,15,B4 + arm/hand (enet),2.7449278753146733,0.681787876831428
random,15,B4 + arm/hand (gbm),2.3523258453996143,0.766304792255674
random,16,B0 mean,4.86293779181202,0.0
random,16,B1 body + bat,4.0505557111633665,0.3062039999337731
random,16,"B2 + age, level",3.9296402809805477,0.347007541074575
random,16,B3 + pelvis/trunk (enet),3.431396566045011,0.5020973970799776
random,16,B3 + pelvis/trunk (gbm),3.034039191747916,0.6107353691434558
random,16,B4 + arm/hand (enet),2.7291729142782857,0.6850332733478354
random,16,B4 + arm/hand (gbm),2.269415827331308,0.7822136126710942
random,17,B0 mean,4.865876459231387,0.0
random,17,B1 body + bat,4.067333562660623,0.30128925155751807
random,17,"B2 + age, level",3.9560442176316295,0.33900204228805464
random,17,B3 + pelvis/trunk (enet),3.3914574911753865,0.5142077308329218
random,17,B3 + pelvis/trunk (gbm),3.137507412945917,0.5842355381924862
random,17,B4 + arm/hand (enet),2.70154187280876,0.6917513026520908
random,17,B4 + arm/hand (gbm),2.3344034815382577,0.7698400853483643
random,18,B0 mean,4.865431133230371,0.0
random,18,B1 body + bat,4.0963687111978615,0.29114824177070053
random,18,"B2 + age, level",3.983694541503542,0.32960710714062647
random,18,B3 + pelvis/trunk (enet),3.3849005265535332,0.5159957655214996
random,18,B3 + pelvis/trunk (gbm),2.9740643519485745,0.6263559565263849
random,18,B4 + arm/hand (enet),2.740159786596813,0.6828175733409562
random,18,B4 + arm/hand (gbm),2.336574126836117,0.7693696451684476
random,19,B0 mean,4.864769209216043,0.0
random,19,B1 body + bat,4.0758831298434846,0.2980293371348477
random,19,"B2 + age, level",3.9786619087730455,0.3311178769596995
random,19,B3 + pelvis/trunk (enet),3.357626151202833,0.5236346169064166
random,19,B3 + pelvis/trunk (gbm),3.011347955292311,0.6168247959659685
random,19,B4 + arm/hand (enet),2.7072444321572005,0.6903076659825882
random,19,B4 + arm/hand (gbm),2.335507498790293,0.76951745071992
