g,y,B0 mean,B1 body + bat,"B2 + age, level",B3 + pelvis/trunk (enet),B3 + pelvis/trunk (gbm),B4 + arm/hand (enet),B4 + arm/hand (gbm)
4,69.2154,66.89137650897226,73.45773958973216,72.18366595225287,72.27408261787646,70.46489041560889,70.6566810568401,72.79461682176657
4,66.0435,66.89137650897226,73.45773958973216,72.18366595225287,71.84999832594836,70.40456727775033,69.83683311729803,71.12144942430577
4,65.0387,66.89137650897226,73.45773958973216,72.18366595225287,71.20685684026236,70.46489041560889,69.2701560883395,71.1016538114702
4,60.9263,66.89137650897226,73.45773958973216,72.18366595225287,72.07216081339494,70.46489041560889,68.74031249280516,71.1754816389215
4,66.0698,66.89137650897226,73.45773958973216,72.18366595225287,72.2703499711139,70.46489041560889,70.18834302379264,71.4682440061517
10,62.8316,66.89137650897226,64.55622409789848,63.8716295832549,63.455172792211506,65.2622476259084,62.98844092856968,64.62327036097386
10,64.4307,66.89137650897226,64.55622409789848,63.8716295832549,63.83637044082747,65.41920657639314,60.39257006001947,64.2328819187789
10,60.9335,66.89137650897226,64.55622409789848,63.8716295832549,63.56301731689387,65.30583457550274,61.13621958145458,63.53242073511704
10,62.3658,66.89137650897226,64.55622409789848,63.8716295832549,65.4075898808122,65.62894686935486,63.682695086541216,64.7233664130361
10,62.0994,66.89137650897226,64.55622409789848,63.8716295832549,64.19998370362974,65.2246559537661,60.59761664297564,63.032495650257765
10,65.8984,66.89137650897226,64.55622409789848,63.8716295832549,63.76179134000567,65.54062222767081,60.644315707378865,63.462086536964215
10,66.1865,66.89137650897226,64.55622409789848,63.8716295832549,64.53105382835581,65.58664810872243,63.88312345863189,66.23086918056269
10,64.8073,66.89137650897226,64.55622409789848,63.8716295832549,65.16315239618997,65.2622476259084,63.335178080931634,64.35624060682007
22,69.4883,67.08743643790851,65.85414922213337,66.26350522380997,66.44784292113309,67.92627263534513,67.42123964493183,70.9066701619838
22,66.8883,67.08743643790851,65.85414922213337,66.26350522380997,65.7731016536925,68.20720164744846,65.52287969451226,71.31687861701624
22,67.3292,67.08743643790851,65.85414922213337,66.26350522380997,66.38448054578588,68.26466653665992,66.50259593345913,71.46985406153964
22,70.4725,67.08743643790851,65.85414922213337,66.26350522380997,67.04418845898213,68.26466653665992,66.7994507723047,71.54371251797647
22,70.7974,67.08743643790851,65.85414922213337,66.26350522380997,67.04276414018322,68.33252846919235,70.29082313240205,70.39032880843541
22,74.103,67.08743643790851,65.85414922213337,66.26350522380997,67.7153327084949,68.6542756541143,69.50898197574344,71.52708695697692
22,71.4564,67.08743643790851,65.85414922213337,66.26350522380997,67.09386762332255,68.26466653665992,66.49290206392155,68.56418212705029
22,71.9167,67.08743643790851,65.85414922213337,66.26350522380997,67.33587031310428,68.73884057714518,69.6110596146095,70.26830841902058
9,55.4608,67.22439688013137,62.22612860675071,62.288847248875385,62.28961371617979,66.30384821284021,60.55217005427281,62.57558834514364
9,51.726,67.22439688013137,62.22612860675071,62.288847248875385,62.287478350184415,66.24673087697833,60.197502059885885,62.43499672824075
9,53.0681,67.22439688013137,62.22612860675071,62.288847248875385,62.06702210945794,64.76097373013957,59.993609138665164,60.74275750069799
9,54.0188,67.22439688013137,62.22612860675071,62.288847248875385,62.36764785341238,65.46198341586512,59.97020062980331,61.151988084520056
9,53.9154,67.22439688013137,62.22612860675071,62.288847248875385,62.28791769674284,67.1600421130515,60.0957402442955,61.72147704941915
9,51.3863,67.22439688013137,62.22612860675071,62.288847248875385,62.191347872442456,66.16566549700545,59.990396850317396,60.79138703469187
9,52.732,67.22439688013137,62.22612860675071,62.288847248875385,61.46473731766334,66.95227874472144,59.314368305868065,61.24969887214261
9,54.8351,67.22439688013137,62.22612860675071,62.288847248875385,62.24524919627665,66.99487506997026,61.87144147552243,63.647972295661965
9,54.2957,67.22439688013137,62.22612860675071,62.288847248875385,61.39930371747573,66.37650895356235,59.06721040574178,61.77467830139979
24,70.5564,66.94431442463534,68.0380487869362,67.45620226973108,65.88062659643981,66.77464025546898,65.10785124509098,64.77252173871022
24,68.1518,66.94431442463534,68.0380487869362,67.45620226973108,66.82160851739482,67.60461417799176,66.4596491787103,66.00362201336524
24,65.2957,66.94431442463534,68.0380487869362,67.45620226973108,66.61499234722562,67.16622068978032,66.27395680897847,65.61670196671157
24,67.8211,66.94431442463534,68.0380487869362,67.45620226973108,67.478014482388,67.46997736493671,65.76921574000527,66.03964635364261
24,73.671,66.94431442463534,68.0380487869362,67.45620226973108,68.26196976464603,68.0389556938814,67.193072229321,67.15553921779708
24,69.1993,66.94431442463534,68.0380487869362,67.45620226973108,66.90299654348591,67.31274571654347,65.88320316695741,65.9702404941657
24,67.4599,66.94431442463534,68.0380487869362,67.45620226973108,67.89730160694667,67.5820887219017,66.66910285853871,66.39412934313404
37,65.8156,66.99643660565724,67.35109237861683,67.72836252905009,68.92497375417524,67.89035776196695,65.47233876559973,65.73537892395072
37,65.8513,66.99643660565724,67.35109237861683,67.72836252905009,68.90449228610179,68.41774667575888,66.01014666988941,65.28263231006281
37,68.1171,66.99643660565724,67.35109237861683,67.72836252905009,68.92100788074168,67.47814818390663,66.21854456405707,66.18953513190611
37,68.9085,66.99643660565724,67.35109237861683,67.72836252905009,64.71786845987336,68.03557599987255,62.98723406266663,64.9563660566807
37,66.9716,66.99643660565724,67.35109237861683,67.72836252905009,68.80411555458812,67.89035776196695,65.56407799962724,66.06042853485185
37,70.6165,66.99643660565724,67.35109237861683,67.72836252905009,69.03800126411026,67.89035776196695,66.00167716688219,65.57815244331069
37,67.7413,66.99643660565724,67.35109237861683,67.72836252905009,69.64502596447699,67.89035776196695,66.87493157482444,67.02971896716986
37,69.8687,66.99643660565724,67.35109237861683,67.72836252905009,68.62787540227536,67.70857764949727,66.32007706109592,67.28694564465724
51,58.9162,67.16528990228012,62.390992771896755,62.47907172973065,61.3671766793658,64.08275011173153,60.3703792704634,61.58767499456674
51,58.7089,67.16528990228012,62.390992771896755,62.47907172973065,59.92984266382268,62.945743113616004,58.498124014186466,61.22296618234888
51,60.7297,67.16528990228012,62.390992771896755,62.47907172973065,60.95384813436619,62.81947159157661,59.312457685517735,61.766559417825164
51,59.5475,67.16528990228012,62.390992771896755,62.47907172973065,62.28720122556575,63.579903366683034,60.43943002931796,60.49485707123579
51,59.924,67.16528990228012,62.390992771896755,62.47907172973065,61.95797337013201,64.7005642783121,60.54732617352048,61.77986107453384
51,55.8131,67.16528990228012,62.390992771896755,62.47907172973065,61.9877228236038,63.89409451687141,60.220764312295074,60.83359860240915
51,62.8402,67.16528990228012,62.390992771896755,62.47907172973065,63.49316936821885,64.85135074625849,61.985069499095985,61.99128559912897
51,60.3778,67.16528990228012,62.390992771896755,62.47907172973065,62.658092497518794,65.07711327837255,59.87614045164671,61.133587138309345
54,72.0429,66.89137650897226,70.36255513956996,75.62347899448366,70.40222450529895,67.59773677732619,67.07506948169176,64.03575619016134
54,69.869,66.89137650897226,70.36255513956996,75.62347899448366,70.21320619280233,68.59635008206045,68.61055522838188,64.60449109790066
54,73.8753,66.89137650897226,70.36255513956996,75.62347899448366,71.65239870164383,68.48124115602569,68.97139057762848,67.40716450560782
54,69.4392,66.89137650897226,70.36255513956996,75.62347899448366,71.33246258688833,66.97177598157795,68.64983274954537,64.91601319160857
54,73.9805,66.89137650897226,70.36255513956996,75.62347899448366,72.27085944260716,68.48124115602569,69.5019401432712,68.13869217701664
54,69.7295,66.89137650897226,70.36255513956996,75.62347899448366,70.6579248685926,66.46903532577095,68.35653290825474,65.4543469889467
54,69.2243,66.89137650897226,70.36255513956996,75.62347899448366,70.8410317053697,67.92148952435271,66.37202284194683,64.58780590310182
54,74.9375,66.89137650897226,70.36255513956996,75.62347899448366,71.83429557043769,66.97177598157795,69.16055040656609,69.7966323009635
54,76.6637,66.89137650897226,70.36255513956996,75.62347899448366,72.40147299958667,66.97177598157795,71.76001833995397,70.5883610076335
56,73.0392,66.99643660565724,69.01355187031581,68.07895396449335,69.16737906540337,67.44198673253032,69.52348937500003,67.57004224339656
56,73.5162,66.99643660565724,69.01355187031581,68.07895396449335,69.83683935224008,68.40404059667142,70.96404723388825,68.22624244611957
56,73.5834,66.99643660565724,69.01355187031581,68.07895396449335,69.94129407610517,68.60028568027704,70.3124497675375,69.43308395444306
56,75.0576,66.99643660565724,69.01355187031581,68.07895396449335,70.36101721487232,68.5129030964795,70.61240238880801,68.81703123471146
56,73.8101,66.99643660565724,69.01355187031581,68.07895396449335,69.32301702936377,68.27455258816616,69.68159779185719,68.99005934408424
56,71.0143,66.99643660565724,69.01355187031581,68.07895396449335,69.20356494271915,67.9571968284404,70.40988502777527,67.77209565464004
56,76.147,66.99643660565724,69.01355187031581,68.07895396449335,69.46340231121222,68.40404059667142,71.64276563278291,70.00265401977325
56,71.9658,66.99643660565724,69.01355187031581,68.07895396449335,69.78432443750687,68.79057778156412,72.05170850569786,69.69566882472789
59,70.5241,66.99643660565724,66.78375276420302,66.38735551153914,68.0592231357884,68.20141746158443,67.8204839916656,68.80772980590837
59,67.4617,66.99643660565724,66.78375276420302,66.38735551153914,69.09086616090323,68.39797852599405,68.75385081071255,68.58694720061234
59,68.4308,66.99643660565724,66.78375276420302,66.38735551153914,69.02552551923013,68.20141746158443,67.75462982908164,69.14665419913175
59,69.7295,66.99643660565724,66.78375276420302,66.38735551153914,68.32222756879983,67.66808995054643,67.70189478540397,68.2436798523974
59,69.4476,66.99643660565724,66.78375276420302,66.38735551153914,67.84313595590751,67.64535910837225,67.28682712809486,67.18846439687977
19,65.8157,67.23287140495867,64.67119769507278,63.21444625411597,66.18658338429162,65.34626674452751,63.963510292305536,62.02980991546271
19,60.6736,67.23287140495867,64.67119769507278,63.21444625411597,63.944802212387096,64.2362289727405,60.102171444607464,63.150644911318416
19,62.855,67.23287140495867,64.67119769507278,63.21444625411597,65.6779649767181,65.69484450421807,63.48681670107594,63.1311317827188
19,63.0783,67.23287140495867,64.67119769507278,63.21444625411597,66.06355910205087,65.1641846160757,65.57528078591041,63.48363627729133
19,59.4919,67.23287140495867,64.67119769507278,63.21444625411597,64.44934298579122,65.72263191704094,61.165176578075624,63.16216920754456
19,62.809,67.23287140495867,64.67119769507278,63.21444625411597,62.974437334129036,65.43803852316998,58.949749224248286,62.95308743291399
19,61.0525,67.23287140495867,64.67119769507278,63.21444625411597,65.44956130406075,65.46377739784631,65.84177875235453,63.826731909332764
19,62.502,67.23287140495867,64.67119769507278,63.21444625411597,66.51865521058075,66.29155193903968,67.76877538855558,65.98312034064644
64,58.397,67.17816175496688,65.56486728952817,65.67284037166262,61.89546797440967,60.9304059618323,58.75015090348617,59.278216073102286
64,59.1322,67.17816175496688,65.56486728952817,65.67284037166262,60.83065712801299,60.18909802023071,57.69341665432927,59.7652841822172
64,62.9897,67.17816175496688,65.56486728952817,65.67284037166262,61.34928643492343,62.14930583189402,59.58709924413769,61.419463036991615
64,62.0208,67.17816175496688,65.56486728952817,65.67284037166262,61.64162618655082,62.10966193428898,59.66003900792844,60.060493727127245
64,57.2604,67.17816175496688,65.56486728952817,65.67284037166262,62.731161082651035,61.53610080289753,59.02542472019906,59.093656232736
64,60.0856,67.17816175496688,65.56486728952817,65.67284037166262,62.01909250104926,61.94997985026822,58.90418619573059,59.845834201386694
64,59.4885,67.17816175496688,65.56486728952817,65.67284037166262,61.63575009607845,61.24665600344587,57.645727438145194,59.846798667337346
64,60.0741,67.17816175496688,65.56486728952817,65.67284037166262,61.763305183496925,62.043318970083924,56.893809069861184,58.43068171784502
65,75.3783,67.17816175496688,70.03815600666643,70.16624403488817,71.59148123017975,69.66226403630212,72.78334380525601,71.49036339827997
65,72.5433,67.17816175496688,70.03815600666643,70.16624403488817,70.99639616656577,69.99040805726418,71.15882946261172,71.31156972322498
65,74.9458,67.17816175496688,70.03815600666643,70.16624403488817,70.8639734999702,68.06050701849158,72.02970352167176,70.04198850700367
65,74.3123,67.17816175496688,70.03815600666643,70.16624403488817,71.47712813887281,69.76671937381266,71.99277446329887,70.53433752605967
65,76.4045,67.17816175496688,70.03815600666643,70.16624403488817,72.42912680657591,69.50603185617202,73.64175650887935,71.3247545308964
65,75.5484,67.17816175496688,70.03815600666643,70.16624403488817,71.18261271839573,68.15418191576998,72.60440602426151,70.7610343815937
65,75.8069,67.17816175496688,70.03815600666643,70.16624403488817,71.86780657407836,70.23352899166991,74.16435232566026,70.65696599339101
67,63.0226,67.08743643790851,65.06884880573146,65.54324250706365,66.26075184023371,67.2353585846548,66.63293745365884,67.15617612826058
67,66.6155,67.08743643790851,65.06884880573146,65.54324250706365,65.97603303113858,66.37587107942916,65.78645368069313,67.01264367937976
67,61.812,67.08743643790851,65.06884880573146,65.54324250706365,66.34278225931897,67.22873307200578,65.93663702219453,66.25412396219859
67,66.6869,67.08743643790851,65.06884880573146,65.54324250706365,66.18687840940304,67.30299045204207,66.2063062973795,66.27296267088536
67,65.2609,67.08743643790851,65.06884880573146,65.54324250706365,66.67820608678615,67.080651995924,66.94803907849659,67.4552736930129
67,65.8067,67.08743643790851,65.06884880573146,65.54324250706365,66.57388063048346,66.21696771414129,66.36428840242587,65.64254429974865
67,63.4928,67.08743643790851,65.06884880573146,65.54324250706365,67.16727359754951,67.0909595389186,66.24762441755438,65.39492160546905
67,66.7986,67.08743643790851,65.06884880573146,65.54324250706365,66.2095960406059,66.82667724320811,66.94592154784621,67.40222514509533
68,61.3805,67.17816175496688,63.72999871476269,63.803815378056385,67.33755057448732,65.89529402878968,66.20388649813664,67.32062269906027
68,59.5611,67.17816175496688,63.72999871476269,63.803815378056385,66.75222739158748,66.03530601585031,66.81637915410643,67.31591419726932
68,60.8011,67.17816175496688,63.72999871476269,63.803815378056385,66.4591487833958,66.03530601585031,64.86032760176816,65.73313589203549
68,61.3563,67.17816175496688,63.72999871476269,63.803815378056385,66.72733637442583,66.03530601585031,65.98732124236975,67.00393031517874
68,61.7012,67.17816175496688,63.72999871476269,63.803815378056385,66.94803995675738,65.73906184865957,64.73448255227126,67.02019324284669
68,63.172,67.17816175496688,63.72999871476269,63.803815378056385,67.36498557201509,65.8790738357202,65.76639548524895,67.06840778448931
68,61.5163,67.17816175496688,63.72999871476269,63.803815378056385,67.10319853904414,66.03530601585031,67.2502628176905,67.40090021652114
68,62.3225,67.17816175496688,63.72999871476269,63.803815378056385,66.93495501601417,65.73906184865957,65.50980640044527,67.29731747793333
71,70.2772,66.94431442463534,65.44119976262598,63.02326446430635,63.042808270374465,66.11154225740592,65.1625247923741,66.69146723644342
71,66.4849,66.94431442463534,65.44119976262598,63.02326446430635,63.80577625740499,66.86480607093428,64.38587910608133,67.83606664632161
71,69.4874,66.94431442463534,65.44119976262598,63.02326446430635,64.30133195452436,67.01876289563565,66.27779024314724,66.99552830132656
71,66.8749,66.94431442463534,65.44119976262598,63.02326446430635,65.77355129101251,66.57171232461238,63.94607422531287,64.79297220868189
71,68.1975,66.94431442463534,65.44119976262598,63.02326446430635,64.33247490878085,66.78902505314637,64.56577953452307,65.90706207664346
71,70.1479,66.94431442463534,65.44119976262598,63.02326446430635,65.54580444585291,66.2833903271554,66.62233323805825,66.20076620370223
76,59.2348,67.19172819672131,68.8712527724958,69.2577280198959,69.48333648539081,69.4393812386817,68.77567540342038,66.23966075987111
76,63.0737,67.19172819672131,68.8712527724958,69.2577280198959,68.80521215233784,69.12337225080455,69.18619546485532,66.51736919971691
76,64.455,67.19172819672131,68.8712527724958,69.2577280198959,69.64022897477548,70.07420931629824,68.00701695991016,66.94810899629256
76,62.2675,67.19172819672131,68.8712527724958,69.2577280198959,69.44793845632712,69.71263426726377,68.4358778334358,67.03334400957041
76,64.0124,67.19172819672131,68.8712527724958,69.2577280198959,70.16807597079396,70.33917305748237,68.50965005269755,68.17496973797462
76,62.2365,67.19172819672131,68.8712527724958,69.2577280198959,70.2394946851866,68.6694182645027,69.04871725071456,65.00904740063281
76,63.0385,67.19172819672131,68.8712527724958,69.2577280198959,68.80796204855201,68.4006812732164,69.92612329591125,66.48892329038091
76,61.1702,67.19172819672131,68.8712527724958,69.2577280198959,69.54283051945043,69.68961337322496,69.00723995353614,68.40089882526614
82,61.73,67.19172819672131,66.0865340914723,66.89205368993188,69.35756352465879,66.68410837088442,64.1899830264265,65.69110425433048
82,61.7618,67.19172819672131,66.0865340914723,66.89205368993188,68.54627226408947,66.18181743734047,64.01539862131013,64.82290171381054
82,62.5455,67.19172819672131,66.0865340914723,66.89205368993188,68.42329996509751,65.53111830175297,63.19199638474761,64.01717365149798
82,62.032,67.19172819672131,66.0865340914723,66.89205368993188,68.50619395465345,66.42767353228791,63.25353586928077,64.39904148936404
82,63.7734,67.19172819672131,66.0865340914723,66.89205368993188,68.91139616868422,66.00761844333375,61.8538412180851,62.88195230659571
82,63.1897,67.19172819672131,66.0865340914723,66.89205368993188,68.8193932140847,66.38326684204307,63.943470810772055,65.6210218694962
82,63.4766,67.19172819672131,66.0865340914723,66.89205368993188,69.63227245060887,66.8065266350522,64.8408012815877,65.06191631726331
83,67.8799,67.19172819672131,70.24006433116266,70.54422856880151,71.4749916284461,72.65513177406874,72.64044193154965,70.74064452861619
83,69.0059,67.19172819672131,70.24006433116266,70.54422856880151,72.96367232399663,72.9778544342157,72.91217715641888,71.81728806767441
83,71.2742,67.19172819672131,70.24006433116266,70.54422856880151,71.75372439393493,72.80892681930453,73.39509106758476,71.27428908970148
83,68.7899,67.19172819672131,70.24006433116266,70.54422856880151,71.98993077856433,72.53707172985423,72.71986773604725,73.15875819738993
83,66.1653,67.19172819672131,70.24006433116266,70.54422856880151,72.06640223020467,72.96435184615082,72.11452796604698,72.19966878100651
83,70.7418,67.19172819672131,70.24006433116266,70.54422856880151,72.96915673454254,73.09836040419012,73.16351147668973,73.12395843440356
83,69.2292,67.19172819672131,70.24006433116266,70.54422856880151,72.5856385321623,72.98124331819791,72.601457939909,72.86569186279762
83,68.7635,67.19172819672131,70.24006433116266,70.54422856880151,71.69443550055246,72.78918698227218,72.58070167028137,73.10236911914998
85,70.2625,66.89137650897226,66.29401729750974,66.10735085257768,64.72511968953481,66.06162844270928,66.95511006324158,68.81302287459019
85,69.0081,66.89137650897226,66.29401729750974,66.10735085257768,65.2642769509085,66.41298377473004,67.07044451851017,68.71458157887707
85,70.2241,66.89137650897226,66.29401729750974,66.10735085257768,65.52470869131182,66.49453122036647,66.78769857467266,67.75115619865288
85,71.7851,66.89137650897226,66.29401729750974,66.10735085257768,65.833320590988,66.41298377473004,66.76324489615483,69.02378773085456
85,71.5187,66.89137650897226,66.29401729750974,66.10735085257768,65.9266555386457,66.6929341676079,68.17658031909379,70.16799096698783
85,72.2684,66.89137650897226,66.29401729750974,66.10735085257768,65.16077961218433,66.41298377473004,66.9863874694825,67.93691605481469
85,71.183,66.89137650897226,66.29401729750974,66.10735085257768,65.4519989034645,66.43919621136368,67.43779262842891,68.57439383072118
85,72.2114,66.89137650897226,66.29401729750974,66.10735085257768,65.75839904227058,67.12173115795873,68.02540949539804,70.0213846357585
86,67.469,67.08743643790851,70.25145868186645,70.45031031894838,67.58447278742057,68.50884095151005,69.13389515818484,68.87256848939748
86,66.118,67.08743643790851,70.25145868186645,70.45031031894838,67.7290503351506,69.4261756578819,69.12624444875917,69.61609812607695
86,67.0141,67.08743643790851,70.25145868186645,70.45031031894838,67.8773802808377,69.87367011901168,68.55831460901597,68.22681399118977
86,68.0758,67.08743643790851,70.25145868186645,70.45031031894838,67.90645048301684,69.87367011901168,69.14444417340609,70.57192921924317
86,65.4739,67.08743643790851,70.25145868186645,70.45031031894838,67.35282613114575,70.15026041255541,67.59794927625403,69.32914471118627
86,64.6777,67.08743643790851,70.25145868186645,70.45031031894838,68.7120214442419,70.13828268233294,68.82696327442228,68.72752611137334
86,67.3944,67.08743643790851,70.25145868186645,70.45031031894838,67.81961202949878,69.48364054709336,69.04421197392537,69.20690826657727
87,60.7909,67.22439688013137,66.75860150668703,66.50551555976277,66.19213928558808,68.67248756954537,64.02802075216168,65.73269602595518
87,59.3141,67.22439688013137,66.75860150668703,66.50551555976277,66.21992351425145,68.45671217684105,65.42656937738413,64.87648780822768
87,63.4148,67.22439688013137,66.75860150668703,66.50551555976277,67.68611012826017,68.91610641517155,67.97914851548943,67.4759098411196
87,64.9769,67.22439688013137,66.75860150668703,66.50551555976277,66.86535608792832,68.93884469700826,65.03821000963282,65.97077538500936
88,69.4163,67.22439688013137,70.7000134726408,71.12005743356225,68.4607579177281,69.19773017566278,71.70852483460854,70.75164283158446
88,73.7843,67.22439688013137,70.7000134726408,71.12005743356225,68.89253149996124,69.26646857334086,71.82518112869664,69.82133644957332
88,73.9074,67.22439688013137,70.7000134726408,71.12005743356225,69.02426077628196,69.37123750150741,72.30629823480628,70.31648475485113
88,71.9188,67.22439688013137,70.7000134726408,71.12005743356225,69.3139842644715,69.73395195274428,72.41649420940686,70.84293530689376
88,74.1085,67.22439688013137,70.7000134726408,71.12005743356225,69.23359999721742,69.23877815119927,73.16637851760416,72.1265475612318
88,71.5742,67.22439688013137,70.7000134726408,71.12005743356225,68.622845371977,69.21619481570276,71.23143291155588,69.44168478113517
88,71.3286,67.22439688013137,70.7000134726408,71.12005743356225,68.4043475969799,69.15442057891057,71.61326927151465,70.22400702398443
88,75.561,67.22439688013137,70.7000134726408,71.12005743356225,69.2207403379452,69.26636971870471,73.73572103977666,72.20562457042212
92,66.0905,66.94431442463534,65.59320117787651,65.92781434482623,64.9842207804346,68.33868921782916,64.1454350632831,64.66593473505178
92,62.4813,66.94431442463534,65.59320117787651,65.92781434482623,65.0912581646986,68.17177058182851,64.69137361768794,66.53828351436225
92,68.7228,66.94431442463534,65.59320117787651,65.92781434482623,64.9000040879892,68.89099355339158,63.53435291024086,65.12767866853798
92,68.1827,66.94431442463534,65.59320117787651,65.92781434482623,65.82692832351994,68.86405479739801,65.85776142420812,67.71073432322213
92,64.1874,66.94431442463534,65.59320117787651,65.92781434482623,65.97838095969256,68.61017995647006,64.34026340743547,66.07460588560812
96,58.2627,67.23287140495867,65.15240873739687,64.8417856502691,62.04437129651193,59.12419684727504,57.934844704842114,60.74633282045254
96,59.0244,67.23287140495867,65.15240873739687,64.8417856502691,62.662000635326294,59.92347685153446,58.24104440782779,61.50001528620058
96,57.4422,67.23287140495867,65.15240873739687,64.8417856502691,62.37751944560143,59.50249578196438,59.314237191839695,61.52184646664992
96,58.2955,67.23287140495867,65.15240873739687,64.8417856502691,62.61719277725708,60.17783053339046,59.154521870688406,61.531506498447214
99,65.819,67.16528990228012,69.67587847934253,69.35168349889997,71.2548265085453,69.54287132683285,69.0981308681261,69.46778580259088
99,67.9863,67.16528990228012,69.67587847934253,69.35168349889997,69.93782216145911,67.84814288788891,69.35113231212081,69.3063658933841
99,69.2239,67.16528990228012,69.67587847934253,69.35168349889997,71.03931601240113,69.2266973323274,71.93158179331375,69.77269033904847
99,67.6366,67.16528990228012,69.67587847934253,69.35168349889997,70.90849260456784,69.26476922160089,68.63369634001691,69.34556069099818
99,67.1348,67.16528990228012,69.67587847934253,69.35168349889997,71.25440726004206,69.11498147498337,70.18111881609902,69.70445726486085
99,70.2676,67.16528990228012,69.67587847934253,69.35168349889997,71.24649839467789,67.85812427398963,71.16231097828496,69.3180622949175
99,68.5911,67.16528990228012,69.67587847934253,69.35168349889997,71.84433917584164,69.2658438730926,69.70382340087953,69.8061484722164
99,71.1902,67.16528990228012,69.67587847934253,69.35168349889997,71.87965267063848,69.25063024578417,72.00581917358143,70.46637151759919
109,58.7368,66.94431442463534,64.97775087007632,64.57715255852162,61.762256517299114,62.577273287035126,59.04299204572608,58.53990782027924
109,60.8459,66.94431442463534,64.97775087007632,64.57715255852162,62.327467710829254,61.79902257568478,60.85287548246566,63.932888276931365
109,59.8086,66.94431442463534,64.97775087007632,64.57715255852162,61.95395495608562,64.30470473381298,60.420736930911374,63.93689554749684
109,60.2192,66.94431442463534,64.97775087007632,64.57715255852162,62.26588032072543,63.23599528212696,60.826507157205704,65.19426836867628
109,59.554,66.94431442463534,64.97775087007632,64.57715255852162,60.096718452807764,62.335335509865764,58.94299231465405,59.67593025720464
113,65.0907,67.16528990228012,65.1039164111508,64.82609731734316,65.0682129836426,65.94801313135143,65.26775873775648,65.30085757323164
113,64.2192,67.16528990228012,65.1039164111508,64.82609731734316,64.84360832982797,66.51786781622988,64.63823512394004,65.78152187049366
113,66.3842,67.16528990228012,65.1039164111508,64.82609731734316,65.51480273116489,66.49658771133532,67.37004768213424,67.70360083173448
113,69.1479,67.16528990228012,65.1039164111508,64.82609731734316,66.5263530957182,66.26061638416036,68.65967799169866,67.1892617908005
116,68.4138,67.16528990228012,71.00133405675655,71.12428515344955,71.77470031993337,69.1971928568128,69.64094053881593,69.07414138859349
116,67.8255,67.16528990228012,71.00133405675655,71.12428515344955,70.62675975274703,66.91405385617799,68.8242542125009,66.3384293551384
116,67.8871,67.16528990228012,71.00133405675655,71.12428515344955,70.73133430876734,68.51633499023303,69.66261807895538,67.23479195353401
116,68.6049,67.16528990228012,71.00133405675655,71.12428515344955,71.5658024157005,67.86756382751462,69.1389276276688,67.5372669600749
116,68.6981,67.16528990228012,71.00133405675655,71.12428515344955,72.49991901333482,68.725171894953,69.84185812109834,67.69236323380026
120,69.4503,66.89137650897226,64.58867352356326,69.39274231521452,66.94729419472489,64.7251554730282,67.34596029611149,64.60781086730587
120,68.3034,66.89137650897226,64.58867352356326,69.39274231521452,66.83440236306355,65.19006701949563,66.48822441218964,66.3714463993335
120,68.9395,66.89137650897226,64.58867352356326,69.39274231521452,66.76320558773588,64.18160913683045,67.3088888596708,64.64966032399074
120,67.5877,66.89137650897226,64.58867352356326,69.39274231521452,67.77522941653808,65.51679295960245,67.9640459809556,67.50713474855243
120,68.185,66.89137650897226,64.58867352356326,69.39274231521452,66.60326327679,64.24313634730535,65.98611445538016,64.6613328302262
120,69.4354,66.89137650897226,64.58867352356326,69.39274231521452,66.32405644300886,65.01343176587736,66.79317381473922,67.0709450281128
120,71.2672,66.89137650897226,64.58867352356326,69.39274231521452,66.58747264545123,65.26812424654476,66.096764206486,66.12066912610533
120,71.1497,66.89137650897226,64.58867352356326,69.39274231521452,66.7571043083686,63.628534253450916,67.32210395667553,65.30235465691854
123,57.6494,67.19172819672131,62.71512643537657,62.941630993851874,58.828482206738414,60.379571942768315,57.30057027330894,58.629603030232566
123,57.9052,67.19172819672131,62.71512643537657,62.941630993851874,59.15646129112937,60.37749221898493,58.95297140607798,60.04851631035256
123,57.1854,67.19172819672131,62.71512643537657,62.941630993851874,58.8965631577196,60.82085956864742,57.5247594054158,60.25295684665198
123,57.0072,67.19172819672131,62.71512643537657,62.941630993851874,59.747990062397335,60.71304948021617,57.92176974384344,59.38876612439567
123,55.7922,67.19172819672131,62.71512643537657,62.941630993851874,57.061199853662686,60.78849038587258,55.990804283319996,59.3826180028994
73,63.0482,66.99643660565724,66.7362996440078,65.1992140633254,62.885453101486696,67.80971648731334,67.20566406220198,67.03564245201308
73,72.0304,66.99643660565724,66.7362996440078,65.1992140633254,64.7727718549983,68.15817065429107,68.35044919345837,68.75214613981859
73,71.1146,66.99643660565724,66.7362996440078,65.1992140633254,65.52839690070385,68.08324883959448,67.98754261983972,68.5894344968022
73,70.0133,66.99643660565724,66.7362996440078,65.1992140633254,66.03236242675338,68.46951454804358,69.05781656540738,69.1918297540225
73,65.8226,66.99643660565724,66.7362996440078,65.1992140633254,64.81670750441685,68.15817065429107,68.70050981563134,69.4297071735199
73,69.531,66.99643660565724,66.7362996440078,65.1992140633254,65.71470643126789,68.46951454804358,69.28302639363824,69.3919814503753
73,70.5254,66.99643660565724,66.7362996440078,65.1992140633254,66.1508665132632,68.68673453301706,69.23538686850696,69.44742761507517
73,60.9325,66.99643660565724,66.7362996440078,65.1992140633254,64.55303698594885,67.85731500756916,65.85006882851488,68.53421118416301
127,65.8105,67.17816175496688,67.6677869951625,65.9289810332703,67.85541634082568,67.14304718946822,65.53329929480323,67.05643999711371
127,63.6572,67.17816175496688,67.6677869951625,65.9289810332703,66.97642517207908,67.49842192965502,64.72798263618081,66.85774059448748
127,64.3623,67.17816175496688,67.6677869951625,65.9289810332703,66.50762394572956,67.17092646978338,64.89926724275337,66.76893740260626
127,66.6887,67.17816175496688,67.6677869951625,65.9289810332703,67.73396294432006,67.00942364405975,65.17940938202574,63.387754010280624
127,70.0775,67.17816175496688,67.6677869951625,65.9289810332703,64.13956145945691,65.70108991640836,63.644103049664345,67.25372283148829
127,66.7058,67.17816175496688,67.6677869951625,65.9289810332703,67.70737534324729,67.99454770577782,65.46015152864223,64.07998812938813
127,66.2657,67.17816175496688,67.6677869951625,65.9289810332703,67.8521656059255,67.00942364405975,65.48814695939977,66.7764583483425
127,66.5719,67.17816175496688,67.6677869951625,65.9289810332703,67.92610471940411,67.91175668762246,65.49986162638919,66.83743822875537
53,71.008,67.17816175496688,66.38437438847674,66.16198763884158,65.3464606021984,67.01311917668785,69.51062063641037,68.17492124175614
53,69.5549,67.17816175496688,66.38437438847674,66.16198763884158,65.59385116345925,66.79579972138156,69.59912192352999,68.09833335900247
53,70.4577,67.17816175496688,66.38437438847674,66.16198763884158,66.01280200703926,67.01311917668785,71.28296700816205,69.56393711668811
53,67.9294,67.17816175496688,66.38437438847674,66.16198763884158,66.761462101398,67.14674272209632,69.90620862462573,69.66259826976177
53,66.7524,67.17816175496688,66.38437438847674,66.16198763884158,66.07327683384605,67.01311917668785,70.09415332081754,69.58960125194686
53,69.4095,67.17816175496688,66.38437438847674,66.16198763884158,65.55603465322456,66.96601601163579,69.4178682325093,69.51301336919319
53,69.4094,67.17816175496688,66.38437438847674,66.16198763884158,66.22544281915607,67.01311917668785,69.92925240794331,68.99198058923335
53,70.5276,67.17816175496688,66.38437438847674,66.16198763884158,65.97209255571872,66.96601601163579,70.67670609270355,69.34719170481256
44,68.6022,67.19172819672131,64.64123609635571,64.1082664364242,67.0994588903741,65.00108953986559,66.13049984550211,66.2871433343778
44,66.2941,67.19172819672131,64.64123609635571,64.1082664364242,67.67180143623833,64.90291198619133,66.30754938429558,66.2228761029135
44,64.146,67.19172819672131,64.64123609635571,64.1082664364242,66.43526035407055,65.02884031511776,65.63808057525986,66.35723188520156
44,63.7059,67.19172819672131,64.64123609635571,64.1082664364242,65.89326855768402,64.4175066484632,64.68585762097678,65.32108943529606
44,67.0391,67.19172819672131,64.64123609635571,64.1082664364242,68.12227729320853,65.94555687800087,66.35442981945003,66.73287929890242
44,64.6115,67.19172819672131,64.64123609635571,64.1082664364242,67.52046491158188,64.62995258390615,65.12364689328099,64.77046485802063
44,66.0962,67.19172819672131,64.64123609635571,64.1082664364242,67.1912862939495,64.82273778054449,66.27962503498316,66.4239630671765
44,67.5594,67.19172819672131,64.64123609635571,64.1082664364242,66.16741523268735,64.34325406998295,65.36560556214911,65.7886403057656
78,62.4225,67.23287140495867,64.96928636045146,64.9839397585481,64.67680066920694,65.5095277737663,65.23369559984025,66.86657961730141
78,60.8795,67.23287140495867,64.96928636045146,64.9839397585481,64.19367467147566,65.46631918131926,63.99713097007411,66.61172999748409
78,60.8651,67.23287140495867,64.96928636045146,64.9839397585481,64.96638259495406,66.86156102562164,65.4414629366982,66.97657424620705
78,62.7927,67.23287140495867,64.96928636045146,64.9839397585481,65.1316573634985,65.72938670967969,64.29025124816242,67.41761848589907
78,61.6432,67.23287140495867,64.96928636045146,64.9839397585481,65.05901564941004,64.86874290951668,64.6680313940704,67.6656007576588
78,60.9943,67.23287140495867,64.96928636045146,64.9839397585481,64.51543571991026,64.15778217421916,64.50911461116526,67.40190500175667
78,59.9956,67.23287140495867,64.96928636045146,64.9839397585481,64.51385265551092,65.2320670462694,64.86911463949328,67.67309944347453
78,62.7465,67.23287140495867,64.96928636045146,64.9839397585481,64.76822860699836,64.07906102550318,65.74828350165734,68.71472530141052
130,61.0359,66.94431442463534,70.43886206774215,69.9050403680225,70.36846239852281,71.11635004426023,68.23895290628636,69.46062874358279
130,67.882,66.94431442463534,70.43886206774215,69.9050403680225,70.49693499137571,71.09356779622765,70.91603471608848,70.65672974715115
130,69.4471,66.94431442463534,70.43886206774215,69.9050403680225,71.16905440846796,71.10567035580242,69.73441846682076,70.95675390862765
130,69.1054,66.94431442463534,70.43886206774215,69.9050403680225,70.90039917681935,69.12546990371828,69.78439299061654,69.23903226827984
130,66.87,66.94431442463534,70.43886206774215,69.9050403680225,70.88085790703232,70.82770322871346,69.60540943838507,71.19110510917824
130,65.9019,66.94431442463534,70.43886206774215,69.9050403680225,71.40314004263658,70.64517343327334,68.79278363728304,69.6933351351122
136,67.8866,67.22439688013137,72.5151361683622,72.76569062743295,66.01567559482908,66.60753430125601,69.46870408784395,66.65133193828486
136,65.4844,67.22439688013137,72.5151361683622,72.76569062743295,65.69376186950575,66.5679155289989,69.2440215031503,67.88802077003109
136,70.998,67.22439688013137,72.5151361683622,72.76569062743295,66.57915893494354,66.95399908711806,70.76511251954753,69.1085270647756
136,68.0521,67.22439688013137,72.5151361683622,72.76569062743295,66.67456244167197,66.95057832821718,70.43258727552984,69.14858472673257
136,67.3883,67.22439688013137,72.5151361683622,72.76569062743295,66.49507349322029,66.4126464905809,70.46312697906853,69.44027362557266
136,65.8468,67.22439688013137,72.5151361683622,72.76569062743295,66.33959503253462,66.40708456871045,69.69689352059852,67.91315285569947
136,67.9647,67.22439688013137,72.5151361683622,72.76569062743295,66.34740400184876,66.3874527968859,70.32635933096898,69.6243164391394
136,71.1562,67.22439688013137,72.5151361683622,72.76569062743295,65.9917325949615,66.56115471471806,70.35615237925477,69.12244343511915
80,75.3244,67.23287140495867,66.18462205136052,66.26887592364207,66.65032590498517,66.30636147185545,68.32193306721872,67.91930216040825
80,73.3782,67.23287140495867,66.18462205136052,66.26887592364207,66.91603481622113,66.13008798058478,70.12072961132179,66.6528619269855
80,73.2292,67.23287140495867,66.18462205136052,66.26887592364207,66.76140313175308,66.37577485708279,66.28459851177838,66.4534359362691
80,78.3053,67.23287140495867,66.18462205136052,66.26887592364207,67.91174676923498,67.6742580467036,71.27666682773885,70.8062177587312
80,74.8864,67.23287140495867,66.18462205136052,66.26887592364207,67.59183697255583,67.4730035199517,70.44236950929015,69.60128847398892
80,76.3216,67.23287140495867,66.18462205136052,66.26887592364207,67.8563688879413,68.35870466038894,69.87948688223814,69.74966633706687
80,76.8066,67.23287140495867,66.18462205136052,66.26887592364207,68.05200251926502,66.22310691990377,68.38867047038559,68.32060792400311
80,76.9099,67.23287140495867,66.18462205136052,66.26887592364207,67.94969704300296,67.2295433615718,71.79763941801538,70.32697581428968
31,64.3319,67.16528990228012,64.7953070907872,65.07678898607529,64.14966269314787,67.89087825644376,63.39889099386214,66.48046585937418
31,65.7614,67.16528990228012,64.7953070907872,65.07678898607529,64.33844380859192,68.19710681039984,63.48173675854137,67.70088793078773
31,64.9553,67.16528990228012,64.7953070907872,65.07678898607529,65.95620224369607,69.26452591289073,64.9846953987474,69.33670938581211
31,65.3407,67.16528990228012,64.7953070907872,65.07678898607529,64.76765463997478,68.31889292352777,63.02260905187508,67.22575141574757
31,65.1983,67.16528990228012,64.7953070907872,65.07678898607529,65.47638971663862,68.60275532056654,64.86659451925908,67.46522955206484
31,64.3139,67.16528990228012,64.7953070907872,65.07678898607529,65.09577336972929,67.18696366804733,64.81967826027957,67.09983847107851
31,64.6399,67.16528990228012,64.7953070907872,65.07678898607529,65.10941930737701,69.14188369160415,63.46920601237974,67.36416922723063
186,65.2429,67.22439688013137,64.48708155143197,64.83141280075931,65.4247204467398,61.94598154733851,62.207169390496844,60.97127943522852
186,68.2761,67.22439688013137,64.48708155143197,64.83141280075931,67.14829124995651,62.870908146750324,66.79532007886361,63.21797364677444
186,65.6445,67.22439688013137,64.48708155143197,64.83141280075931,65.8457307691578,62.96902338656625,63.993130440358016,63.276530633997396
186,67.0856,67.22439688013137,64.48708155143197,64.83141280075931,65.63036279541964,63.51340998701866,64.06242906431888,63.003876443968366
186,64.9683,67.22439688013137,64.48708155143197,64.83141280075931,65.9354228769397,61.92909897631967,64.40969528867483,62.78902596646041
186,64.4248,67.22439688013137,64.48708155143197,64.83141280075931,66.08441199221784,63.67847412427718,63.42721359103337,62.70384066409221
186,64.6354,67.22439688013137,64.48708155143197,64.83141280075931,65.84229786334322,63.68581371468825,64.034430431998,62.204509064534385
186,68.2059,67.22439688013137,64.48708155143197,64.83141280075931,66.39316338879443,62.42638054563909,66.35520241486637,65.32742688608575
189,71.2523,66.94431442463534,67.4203589066345,67.94668469595918,68.14523044927964,67.33852533822777,66.98206990475222,69.0611396536273
189,69.3029,66.94431442463534,67.4203589066345,67.94668469595918,67.04362669451494,66.09975227410034,65.97435183539928,67.041134851942
189,72.6393,66.94431442463534,67.4203589066345,67.94668469595918,67.4909225646988,68.78687836962915,67.09604761398424,70.08325636257771
189,73.1764,66.94431442463534,67.4203589066345,67.94668469595918,67.62146860682097,68.01811114956325,67.35802806452327,67.9105814878449
189,73.009,66.94431442463534,67.4203589066345,67.94668469595918,68.31577158596316,67.86967434176867,67.63097221389225,68.7856061110949
189,74.368,66.94431442463534,67.4203589066345,67.94668469595918,68.25597470045557,67.47598669424241,67.36336491253165,67.90275750519713
189,73.3348,66.94431442463534,67.4203589066345,67.94668469595918,69.38819523625341,68.67470125935247,69.36952354969111,70.72873553586878
189,73.6571,66.94431442463534,67.4203589066345,67.94668469595918,70.14608231135804,69.34839074183925,69.57441596222887,70.02192243062231
26,66.3198,66.77411907894736,64.35590288826623,64.71657081889266,64.3648152934002,64.74696283439731,64.60982075650207,64.49083185127053
26,67.2268,66.77411907894736,64.35590288826623,64.71657081889266,65.12089462049369,65.32144165014297,65.03096253380355,65.28546595492324
26,67.9453,66.77411907894736,64.35590288826623,64.71657081889266,65.1892171159464,65.07495490954165,67.02385770120974,66.71956752100994
26,68.8881,66.77411907894736,64.35590288826623,64.71657081889266,64.33455667850575,64.73661333318748,65.35293016739966,66.8790512185816
26,68.056,66.77411907894736,64.35590288826623,64.71657081889266,65.00105272792014,64.94377325332316,66.38360853308039,66.7993587404253
26,71.326,66.77411907894736,64.35590288826623,64.71657081889266,65.9894891764228,64.78902312424093,65.78806322209246,67.07133609514017
26,70.7294,66.77411907894736,64.35590288826623,64.71657081889266,64.70226751002956,64.06799370015871,66.52086664523803,65.51063397535103
26,67.6003,66.77411907894736,64.35590288826623,64.71657081889266,65.55419559821384,63.78385071572257,66.85280891740184,66.12239368592397
79,65.4692,67.16528990228012,69.08216160882603,67.41909616904388,69.83841389865664,69.2422628205628,69.38670517072215,68.87290008098974
79,64.1789,67.16528990228012,69.08216160882603,67.41909616904388,70.35431385007263,68.37042260716048,70.32394846178646,69.69817799315938
79,66.3052,67.16528990228012,69.08216160882603,67.41909616904388,70.61727568454067,69.71679103878925,71.21409488601398,70.81554856043785
79,65.5387,67.16528990228012,69.08216160882603,67.41909616904388,69.9758270869076,68.84519428758011,68.44565897059807,66.13284325617421
79,65.8671,67.16528990228012,69.08216160882603,67.41909616904388,69.27457870428015,67.08615768536077,69.03073189146554,69.58462090073687
79,65.7367,67.16528990228012,69.08216160882603,67.41909616904388,70.41042828673493,69.15234008082656,70.55857456419811,71.5523481045685
79,64.9347,67.16528990228012,69.08216160882603,67.41909616904388,69.47759507294629,68.82584737143054,70.71246736417501,69.43802644679917
79,67.2568,67.16528990228012,69.08216160882603,67.41909616904388,70.92664126877946,68.90742470465943,71.69493034336845,70.28112726761755
30,67.455,67.08743643790851,64.03350492764814,64.37446937862971,68.25217142339747,66.04338057651675,68.51655210762725,66.7780880252932
30,65.4465,67.08743643790851,64.03350492764814,64.37446937862971,67.44140865432759,65.75182191850057,67.12501169093193,65.42668295744626
30,71.6328,67.08743643790851,64.03350492764814,64.37446937862971,68.07698962664752,65.9654411661349,69.21852420833862,66.76576782858149
30,69.909,67.08743643790851,64.03350492764814,64.37446937862971,68.8373165845907,66.07301641751403,68.82374842474914,66.19856882913567
30,66.6791,67.08743643790851,64.03350492764814,64.37446937862971,68.2698016393289,66.09829049696985,67.77863713573375,65.70610801320692
30,66.8646,67.08743643790851,64.03350492764814,64.37446937862971,68.73473075578323,66.09829049696985,67.69357371166781,65.42153221927259
30,69.6708,67.08743643790851,64.03350492764814,64.37446937862971,67.93781227621687,66.13061271635408,69.26721745629251,68.13199287873435
30,72.8338,67.08743643790851,64.03350492764814,64.37446937862971,68.35035521638866,66.23458503080357,69.09926755475134,67.12576079995557
90,62.9895,67.23287140495867,65.88793322366703,65.54348737517843,63.44077000561548,63.657982958904135,56.46493194421107,62.107566181946986
90,62.376,67.23287140495867,65.88793322366703,65.54348737517843,64.08895786825119,64.9439556254311,56.96595959511493,63.669012635266995
90,61.5672,67.23287140495867,65.88793322366703,65.54348737517843,63.8263693715326,64.74264235134733,60.300871516432785,64.58601367192658
90,61.2747,67.23287140495867,65.88793322366703,65.54348737517843,63.98316194122886,64.6909784955305,58.11971171302323,63.08950584068988
90,60.6733,67.23287140495867,65.88793322366703,65.54348737517843,63.903933262426946,63.82910310825361,57.63963658778858,61.46468478796715
90,63.6572,67.23287140495867,65.88793322366703,65.54348737517843,63.63695416847105,64.99360608257975,59.22590756898168,64.95282111289514
90,63.2584,67.23287140495867,65.88793322366703,65.54348737517843,63.88496916409386,65.16949985705655,59.92792907111231,64.88570053568037
90,61.7985,67.23287140495867,65.88793322366703,65.54348737517843,64.22035833168702,65.02201129403261,56.96072724089592,62.712429606181
194,60.9538,67.17816175496688,65.97540084197709,66.08978053801047,67.47594436450636,68.20548803547084,65.23373859490593,68.13944674277967
194,61.4977,67.17816175496688,65.97540084197709,66.08978053801047,67.6142549401572,68.99483853525393,65.12851422731337,68.77709680995005
194,62.7544,67.17816175496688,65.97540084197709,66.08978053801047,68.29273439790288,68.96401447991387,67.86293684628271,71.64538788481408
194,59.7639,67.17816175496688,65.97540084197709,66.08978053801047,65.94266218316424,67.88283850414388,65.64542130140552,71.83581288421365
194,63.0789,67.17816175496688,65.97540084197709,66.08978053801047,68.18632223585323,69.29062321555834,68.17748927780832,70.44503771544056
194,56.9434,67.17816175496688,65.97540084197709,66.08978053801047,68.2700883413607,69.17585544463337,67.763942444174,69.22579244537289
194,65.1588,67.17816175496688,65.97540084197709,66.08978053801047,68.04156846526865,69.29062321555834,68.01445576130475,70.55995546946012
194,61.489,67.17816175496688,65.97540084197709,66.08978053801047,67.1921246235151,68.51253488350332,66.07580736315104,69.59407389501652
126,61.04,67.23287140495867,64.31133929159361,62.769833950705554,64.01431522987411,61.2217839715512,54.3769825526759,61.040779218919454
126,65.0598,67.23287140495867,64.31133929159361,62.769833950705554,64.15054486463075,62.658382477336545,57.49587085399367,61.401610795186365
126,60.5188,67.23287140495867,64.31133929159361,62.769833950705554,64.33930068839888,62.91840055773604,55.86283703991688,61.60755037408949
126,58.2632,67.23287140495867,64.31133929159361,62.769833950705554,64.5373487106791,62.253625349533856,55.70793218832067,60.497219559872796
126,61.6575,67.23287140495867,64.31133929159361,62.769833950705554,63.78525495453424,61.04639730577117,55.636580808488624,61.95477274199464
126,65.0164,67.23287140495867,64.31133929159361,62.769833950705554,64.54076828091814,62.30936209995571,57.04170004311366,62.52407243757268
126,61.7234,67.23287140495867,64.31133929159361,62.769833950705554,64.34109749423591,62.62131829897378,54.93802685272532,60.19932075926582
126,63.8134,67.23287140495867,64.31133929159361,62.769833950705554,65.10765823012127,62.49375779143466,58.07978828495584,62.45110566790296
195,67.1736,66.77411907894736,66.3653502477055,66.00410176192594,62.86002476481755,63.043792031174156,62.19463030525313,64.34936900017206
195,65.2487,66.77411907894736,66.3653502477055,66.00410176192594,62.508231329235976,60.86534602367544,61.82145289425745,59.357516786878314
195,68.518,66.77411907894736,66.3653502477055,66.00410176192594,64.6909571344689,64.46979904452151,63.937465806543734,64.40388144668206
195,66.5624,66.77411907894736,66.3653502477055,66.00410176192594,65.06124441401003,65.37756174002159,63.70057998075923,64.10840597497256
195,67.8851,66.77411907894736,66.3653502477055,66.00410176192594,64.83216605185699,65.39121346322342,64.11076057506955,64.37100143678089
195,67.9485,66.77411907894736,66.3653502477055,66.00410176192594,65.01584284730761,62.118312971485764,64.08573242155795,62.09465962864852
195,70.4392,66.77411907894736,66.3653502477055,66.00410176192594,63.12323290528866,63.719445053771544,64.52545864154261,66.27705668125516
195,68.9921,66.77411907894736,66.3653502477055,66.00410176192594,63.86285776275283,62.68548970726089,64.25870948629209,65.40977472320199
139,67.8606,67.19172819672131,69.27196573495135,69.49361264882853,71.4232439670318,70.05946054315928,68.22319379875039,66.91896425536432
139,64.7291,67.19172819672131,69.27196573495135,69.49361264882853,72.03929566478268,70.40194465587139,68.8821959758461,67.76501604793053
139,67.5595,67.19172819672131,69.27196573495135,69.49361264882853,71.69964777048789,69.82169758932031,70.45412389667959,67.14270381122029
139,68.8345,67.19172819672131,69.27196573495135,69.49361264882853,72.06798732389089,70.12633596533658,70.28983804548355,67.98910672075552
139,67.3466,67.19172819672131,69.27196573495135,69.49361264882853,71.54097444677613,70.80790916795429,68.80021354361554,66.33215560993554
200,71.4068,67.22439688013137,69.17634500218462,69.05728959528105,67.49057626302096,68.99441696016346,71.73906256214966,68.61230727968805
200,71.9894,67.22439688013137,69.17634500218462,69.05728959528105,67.3679786086677,69.10397152882109,71.23415484252267,69.86341190559251
200,72.3962,67.22439688013137,69.17634500218462,69.05728959528105,67.43668364264036,70.188680226057,71.59842327610588,72.24052575898705
200,73.4176,67.22439688013137,69.17634500218462,69.05728959528105,67.15196188398473,69.62177709403062,72.35506415874342,70.85020041726439
200,68.7366,67.22439688013137,69.17634500218462,69.05728959528105,67.1208602503523,69.64914480070352,70.2088580576113,70.42528209372132
200,73.9529,67.22439688013137,69.17634500218462,69.05728959528105,67.57295554990633,68.96417086822028,72.77013866255464,70.47060530979097
200,69.6332,67.22439688013137,69.17634500218462,69.05728959528105,67.95734498999147,70.43743813081015,71.81776176112359,71.62774720216017
200,71.4152,67.22439688013137,69.17634500218462,69.05728959528105,67.30991209875381,70.3656458014644,70.9736317526951,68.46504485036277
201,67.0852,66.99643660565724,67.34113389180453,67.46877297664894,65.44263812536028,66.5838790067813,65.88585102013803,65.22789251477157
201,69.2771,66.99643660565724,67.34113389180453,67.46877297664894,65.86519685000803,66.99863354079292,67.00578663826745,68.64909787305307
201,65.1579,66.99643660565724,67.34113389180453,67.46877297664894,69.17130622861309,67.52101133657037,67.54368570066167,64.7376263614629
201,68.2875,66.99643660565724,67.34113389180453,67.46877297664894,66.66733714587062,67.46127798005378,67.1883603862515,68.82501401713364
201,65.3756,66.99643660565724,67.34113389180453,67.46877297664894,65.58239324670411,66.5838790067813,65.49550383405621,65.391134790245
201,68.9904,66.99643660565724,67.34113389180453,67.46877297664894,70.1705317338893,68.83051929338698,69.52538505574232,69.46609191918846
201,68.5858,66.99643660565724,67.34113389180453,67.46877297664894,65.95939308273296,66.93133309945682,66.7039962683181,68.37916309360372
201,70.3519,66.99643660565724,67.34113389180453,67.46877297664894,69.46368638276827,68.94570963997232,70.22378722927255,70.638351116668
201,69.9364,66.99643660565724,67.34113389180453,67.46877297664894,65.67336526214926,65.98031010920234,66.226803574571,67.1068054978335
121,67.0615,67.23287140495867,70.29440091339745,68.79935046225313,67.34869109521168,68.55345799368297,68.37719311035201,70.54651002980657
121,67.6381,67.23287140495867,70.29440091339745,68.79935046225313,67.75120500699961,68.92228930005243,68.30313712417744,71.44324248087771
121,68.7157,67.23287140495867,70.29440091339745,68.79935046225313,68.00633356383305,68.66296552439165,72.22899173918815,72.62660281837222
121,66.5966,67.23287140495867,70.29440091339745,68.79935046225313,67.21065351132344,69.47648720800996,67.54511706134402,70.732539378583
121,67.4499,67.23287140495867,70.29440091339745,68.79935046225313,67.05446597883342,69.30370953736137,70.27587913432204,71.89843599172829
121,68.8657,67.23287140495867,70.29440091339745,68.79935046225313,68.06258563352873,68.5554810690687,69.98028135961562,71.07156912246113
121,68.7958,67.23287140495867,70.29440091339745,68.79935046225313,67.34701369820961,68.05371738517186,68.47920061548506,70.6764440170525
207,65.5628,66.94431442463534,65.51850104567352,63.399143716880204,63.0197753124613,63.47748718178244,66.08055024699813,65.66609654825234
207,62.6331,66.94431442463534,65.51850104567352,63.399143716880204,63.02223465190166,63.66522371668023,66.49178428654552,66.39075405825331
207,62.3156,66.94431442463534,65.51850104567352,63.399143716880204,62.7406748002907,63.38823839188328,68.07766755050744,67.65441040928106
207,60.6943,66.94431442463534,65.51850104567352,63.399143716880204,62.480753046240544,63.66522371668023,67.17568931938234,68.34245568242912
207,66.3954,66.94431442463534,65.51850104567352,63.399143716880204,62.89508705233548,63.548239969021274,67.44892550711361,68.60703213955523
207,64.4862,66.94431442463534,65.51850104567352,63.399143716880204,63.06953482982036,63.68578362078236,68.36557898534178,68.58918473293896
207,66.8345,66.94431442463534,65.51850104567352,63.399143716880204,63.11634106405179,63.62011345621987,68.52208971870398,67.96357852792826
98,63.4835,67.19172819672131,65.47393030486583,65.15491177314739,68.4197458517282,66.82719325116287,68.91177751600665,67.53677205261815
98,66.7865,67.19172819672131,65.47393030486583,65.15491177314739,67.69948226166345,66.89329730572203,70.46126599348219,68.39638974587477
98,65.9822,67.19172819672131,65.47393030486583,65.15491177314739,68.70883915300881,67.63278203194476,70.5277186057651,68.95916109672699
98,67.5187,67.19172819672131,65.47393030486583,65.15491177314739,68.28303580886728,66.56218704411644,70.45389271498507,67.09270311980578
98,67.7412,67.19172819672131,65.47393030486583,65.15491177314739,68.670861316151,66.98477735822678,69.73056198881062,66.41840776544083
98,65.3232,67.19172819672131,65.47393030486583,65.15491177314739,68.16657163299799,65.72559251246965,70.26566906969829,67.11239061767841
98,63.6046,67.19172819672131,65.47393030486583,65.15491177314739,68.08715220665881,67.11815449594312,67.96295588811734,67.19206510424326
98,63.4409,67.19172819672131,65.47393030486583,65.15491177314739,69.70608762705704,67.428447823173,69.04688115180883,68.20477241243562
58,72.7336,66.94431442463534,67.23912127170624,66.1259793013921,66.67887082896473,66.04196497622102,68.78932389039078,68.44136098598317
58,73.9305,66.94431442463534,67.23912127170624,66.1259793013921,67.08191969839848,65.9692451381822,68.7910611135212,68.24497204650072
58,73.2244,66.94431442463534,67.23912127170624,66.1259793013921,65.77009184999582,65.74455769111127,68.65599760345935,69.12811840127989
58,73.024,66.94431442463534,67.23912127170624,66.1259793013921,66.3284309076348,65.11028010268885,68.93862597057812,68.12714021177318
58,76.8577,66.94431442463534,67.23912127170624,66.1259793013921,66.6925651165342,66.34944563408467,68.86787348251194,68.46713612131995
58,75.3953,66.94431442463534,67.23912127170624,66.1259793013921,66.97244036011293,66.42070262372461,68.88706968965107,68.69739748215899
142,69.8842,67.19172819672131,67.81180500073044,67.78328613720683,67.91169988429466,68.95492585153204,65.37823656521934,67.50228838266726
142,69.1246,67.19172819672131,67.81180500073044,67.78328613720683,67.39700505111271,67.7089068937267,65.1650015990036,66.16209138905965
142,72.5922,67.19172819672131,67.81180500073044,67.78328613720683,68.21748968883769,69.25481390151975,65.66489921451063,67.43658509588676
142,72.4115,67.19172819672131,67.81180500073044,67.78328613720683,67.8731975678867,69.0511727813289,64.30068158654332,67.1096483620962
142,72.1136,67.19172819672131,67.81180500073044,67.78328613720683,67.90441980166457,67.81845553445022,66.11265299911676,66.76549790286099
210,70.7704,66.89137650897226,64.33387435084903,64.45793922120548,64.18004844837239,63.23697102149,64.35657502643012,64.34083729688903
210,70.3252,66.89137650897226,64.33387435084903,64.45793922120548,64.11919150752787,63.71856286038275,64.56347372510739,64.5255727730452
210,69.597,66.89137650897226,64.33387435084903,64.45793922120548,64.81502175674976,63.181636012487196,64.49925204037785,63.59461979199227
210,68.0364,66.89137650897226,64.33387435084903,64.45793922120548,64.63697653521484,63.66322785137994,64.70180978623564,63.613892421175294
210,70.175,66.89137650897226,64.33387435084903,64.45793922120548,65.13908152143223,63.66322785137994,64.70393979216459,63.30851895385235
210,69.0553,66.89137650897226,64.33387435084903,64.45793922120548,64.8735968078692,63.12326289613539,64.50259187470755,64.56277106607341
210,67.6399,66.89137650897226,64.33387435084903,64.45793922120548,63.844124418369645,63.1809394310564,63.91012749436046,63.82246485338384
210,67.3336,66.89137650897226,64.33387435084903,64.45793922120548,64.03815868106507,63.82937902373767,64.5334950574385,63.693299262128335
34,71.1714,67.17816175496688,66.98920231184472,67.17336469356677,69.10173488477686,68.70387679247801,71.20686778961138,70.95216302793074
34,71.3523,67.17816175496688,66.98920231184472,67.17336469356677,69.87575832273915,69.43486195948097,72.24265199751054,71.0491585010842
34,70.7232,67.17816175496688,66.98920231184472,67.17336469356677,69.88219684340496,69.43486195948097,71.75252337094416,71.03631611069412
34,70.4637,67.17816175496688,66.98920231184472,67.17336469356677,69.74649155493314,68.7757648407505,71.80573581328244,70.87863863183998
34,71.8841,67.17816175496688,66.98920231184472,67.17336469356677,70.48493999712977,69.16465566198133,71.62824708354013,71.01794705436217
34,72.6495,67.17816175496688,66.98920231184472,67.17336469356677,70.65858530251872,68.82286800580256,72.26899028677192,70.88282404499934
34,72.6779,67.17816175496688,66.98920231184472,67.17336469356677,70.8882999201588,68.7757648407505,74.20350686859807,72.68145861582178
34,70.9444,67.17816175496688,66.98920231184472,67.17336469356677,70.88306137408246,68.7757648407505,72.83513982128109,71.22740661915925
215,67.5581,66.99643660565724,67.53792852512711,66.81845931908656,70.71169683016865,68.01242140696345,67.57706171183416,65.70301779584649
215,66.1049,66.99643660565724,67.53792852512711,66.81845931908656,70.33293600414258,67.66251389767123,67.34383809261006,65.67135139438622
215,66.5969,66.99643660565724,67.53792852512711,66.81845931908656,68.64200821548032,66.62744621138269,65.28367458664697,64.78517775899849
215,66.6973,66.99643660565724,67.53792852512711,66.81845931908656,70.12774545275228,67.961220366757,66.2581374848541,65.47004133808058
215,64.9884,66.99643660565724,67.53792852512711,66.81845931908656,70.66603393830842,67.98929798783034,67.39193840672536,66.09523256290153
215,66.6412,66.99643660565724,67.53792852512711,66.81845931908656,71.42476400057222,67.0552620823538,68.14466023479243,66.84837292747763
215,66.5418,66.99643660565724,67.53792852512711,66.81845931908656,70.36216085586098,67.79522599900014,67.37152826911861,66.10115380095841
57,68.2454,66.99643660565724,68.50690215249763,67.98034835135,70.86801208040575,68.27804695472541,71.05632500559369,68.9764672607189
57,69.5744,66.99643660565724,68.50690215249763,67.98034835135,69.97040933146825,68.90177298713672,68.66962020938486,67.27769799041687
57,71.2679,66.99643660565724,68.50690215249763,67.98034835135,70.42083529139799,69.73890644194393,70.53665497566836,70.17515825999797
57,69.6103,66.99643660565724,68.50690215249763,67.98034835135,70.76875268146263,69.62380763179704,68.70708706847877,69.5653013944357
57,70.8054,66.99643660565724,68.50690215249763,67.98034835135,70.15527386766654,69.50466506242695,68.96448355467498,67.45133443097522
57,67.6051,66.99643660565724,68.50690215249763,67.98034835135,70.1952101406923,69.21311688088923,69.15025273684034,67.00941805740955
57,71.8771,66.99643660565724,68.50690215249763,67.98034835135,69.70120831807898,67.32177093054813,69.46185691389508,68.62012465447484
57,64.4698,66.99643660565724,68.50690215249763,67.98034835135,70.23653500802656,68.90177298713672,68.37785849244801,66.69507284903669
94,70.5587,67.23287140495867,70.50482148435185,70.05528283882597,68.90819030443885,69.2026527722172,70.68858091346684,72.03116773082421
94,70.7986,67.23287140495867,70.50482148435185,70.05528283882597,68.5454166330669,69.42644399211349,72.94315621683819,72.53515458359624
94,73.3285,67.23287140495867,70.50482148435185,70.05528283882597,69.32535767902071,70.40236570841596,73.71496212982562,73.66717650445511
94,76.1298,67.23287140495867,70.50482148435185,70.05528283882597,69.54785281814206,70.09666690441843,74.24328103874674,73.40868399680497
94,76.1241,67.23287140495867,70.50482148435185,70.05528283882597,69.1222290471201,70.64238399043687,74.21518421505755,74.09241744376213
94,73.4352,67.23287140495867,70.50482148435185,70.05528283882597,69.53983748817672,69.66713294837241,75.86893588434064,73.50333576431997
94,76.5329,67.23287140495867,70.50482148435185,70.05528283882597,69.26977936871104,70.90762579897554,75.10313985404565,74.64259199794438
94,75.4439,67.23287140495867,70.50482148435185,70.05528283882597,68.77943089271749,70.17916697386241,74.9139903066678,73.43918305012114
103,69.9597,66.77411907894736,68.7879141067021,66.21614653186526,67.81629624007259,64.92741415757199,66.92278040895616,66.73734268765139
103,70.4064,66.77411907894736,68.7879141067021,66.21614653186526,67.2275141512225,66.66424304554346,65.10774569668573,66.50883666578163
103,71.5565,66.77411907894736,68.7879141067021,66.21614653186526,66.7617784902485,65.60477922122618,65.45819618323785,66.95197558114884
103,72.4412,66.77411907894736,68.7879141067021,66.21614653186526,67.60598134961737,67.24947611659807,66.34001871666122,66.59226268595576
103,71.8184,66.77411907894736,68.7879141067021,66.21614653186526,67.3759665686703,66.13035859460227,65.11994546754639,65.75576385888152
103,71.1969,66.77411907894736,68.7879141067021,66.21614653186526,67.05247858691455,65.90517821805263,66.638353790035,67.23772842277411
103,73.6326,66.77411907894736,68.7879141067021,66.21614653186526,68.13479101346577,66.48021241852048,67.29371599270812,67.72923932767377
103,73.7789,66.77411907894736,68.7879141067021,66.21614653186526,67.98696147144496,66.16434739447621,66.91471593464561,66.96039276842053
74,68.2315,67.08743643790851,65.32579783227848,65.69333893639855,66.91467695976958,67.77714997975913,67.98895995136378,66.39959730186983
74,64.7284,67.08743643790851,65.32579783227848,65.69333893639855,66.76446981317663,67.55064261393663,66.39058151482189,63.90481516700241
74,67.4535,67.08743643790851,65.32579783227848,65.69333893639855,66.350374642011,67.46048729133689,65.76160386437516,65.04675088666862
74,66.9606,67.08743643790851,65.32579783227848,65.69333893639855,67.2330497077466,68.3383019060087,66.6815859924655,64.80991822078325
74,64.3035,67.08743643790851,65.32579783227848,65.69333893639855,66.96923269908156,68.70630639045434,67.79263219090348,67.83965062228347
74,63.7517,67.08743643790851,65.32579783227848,65.69333893639855,66.36302230277892,67.04025463607243,66.04929498460045,64.3660544560869
74,65.9948,67.08743643790851,65.32579783227848,65.69333893639855,68.10612658954906,68.64884150124288,68.86919690757918,67.96996661677285
74,65.817,67.08743643790851,65.32579783227848,65.69333893639855,66.17489944456482,68.02163921758645,67.99496617759196,66.80103686234244
221,60.0138,66.99643660565724,68.02708799450899,68.53020551453771,65.68228770625063,68.78874908869597,63.581699155499926,62.115574272250264
221,57.3841,66.99643660565724,68.02708799450899,68.53020551453771,66.5348562631889,68.82243680372908,64.75465731542305,63.44507690690658
221,61.9023,66.99643660565724,68.02708799450899,68.53020551453771,65.18378705480896,68.54110573188949,62.93470976031504,61.41462456908199
221,58.1787,66.99643660565724,68.02708799450899,68.53020551453771,65.28404474284334,68.54110573188949,61.9853046872975,61.49183715889311
221,61.6967,66.99643660565724,68.02708799450899,68.53020551453771,65.69371123610077,68.92764291678219,62.127921150338594,61.126109031642265
221,60.753,66.99643660565724,68.02708799450899,68.53020551453771,66.35678483473086,68.56876014629997,64.7011865558616,65.23902174448446
221,58.4321,66.99643660565724,68.02708799450899,68.53020551453771,64.54270624623496,68.2140692296407,62.63533955246696,62.04560441248609
145,79.8418,66.77411907894736,71.5548810764934,72.12193615267894,70.00666597455131,70.75609877878223,72.14604384983232,70.83218901361211
145,79.2,66.77411907894736,71.5548810764934,72.12193615267894,70.60663580321537,70.30383557141315,70.60280135206986,70.75691843450412
145,76.5585,66.77411907894736,71.5548810764934,72.12193615267894,70.37341227579998,71.14108456982498,70.10954587217061,69.5691743901771
145,79.5106,66.77411907894736,71.5548810764934,72.12193615267894,70.08151846505092,71.34914869837309,70.5965777748517,70.06941011592696
145,80.8545,66.77411907894736,71.5548810764934,72.12193615267894,70.21647604045842,70.87203886771304,70.9131668950124,70.84780795394695
231,65.6076,67.17816175496688,68.87581751502672,68.9836268053429,66.53502499639342,66.57190624138796,65.47422946726951,66.44065474844818
231,70.3444,67.17816175496688,68.87581751502672,68.9836268053429,66.6769994262793,66.51587107844263,66.82413411084572,68.66255953608997
231,68.0588,67.17816175496688,68.87581751502672,68.9836268053429,67.06361840534785,66.51587107844263,66.91542693999203,67.46296661222323
231,70.0335,67.17816175496688,68.87581751502672,68.9836268053429,67.5191611305767,68.04506302445256,67.29884577783776,68.71049932440228
231,70.5659,67.17816175496688,68.87581751502672,68.9836268053429,67.6400343080546,66.92446784609825,68.51171877374532,68.41878898423661
231,70.2479,67.17816175496688,68.87581751502672,68.9836268053429,67.29428539524783,66.51587107844263,66.26650727093245,66.1069627632252
231,72.3302,67.17816175496688,68.87581751502672,68.9836268053429,68.84464166645681,68.88902761521253,67.78842398321045,68.1502287948811
231,68.0511,67.17816175496688,68.87581751502672,68.9836268053429,66.67863020764109,68.17868656986103,64.80499972588389,64.80113967348689
146,65.4436,66.77411907894736,66.07409280767708,66.488856956024,65.24251123980015,67.9865552719896,65.7762281150229,69.52454592604657
146,66.2155,66.77411907894736,66.07409280767708,66.488856956024,66.59336198934182,65.55566712024431,66.34625149523453,67.43926229256594
146,64.0936,66.77411907894736,66.07409280767708,66.488856956024,67.10394676633858,67.83641167381566,66.08478315486894,65.63815816481902
146,65.2047,66.77411907894736,66.07409280767708,66.488856956024,67.48135329044631,65.87815286416718,66.34396101060987,63.82230923515719
238,66.4235,66.77411907894736,65.54738044488711,65.3179405968963,64.8192421099808,62.675412866257425,64.40627858876928,62.55951707201574
238,62.8641,66.77411907894736,65.54738044488711,65.3179405968963,63.39190704076206,65.04018861869962,64.59569334814168,65.51394609063804
238,66.3874,66.77411907894736,65.54738044488711,65.3179405968963,66.16807408173499,67.1429860874918,66.1531808133175,61.43651737853186
238,64.6849,66.77411907894736,65.54738044488711,65.3179405968963,64.94930184977386,68.16031929992452,66.60632784253681,65.90780525936911
238,66.4716,66.77411907894736,65.54738044488711,65.3179405968963,65.18957240804131,65.54752083840626,63.944625813882084,62.6041666666453
238,63.5116,66.77411907894736,65.54738044488711,65.3179405968963,65.74164948448762,68.76149395623754,66.61566700928418,67.23570317271287
238,66.8836,66.77411907894736,65.54738044488711,65.3179405968963,65.19140245686044,66.24664939080857,65.60912174580906,65.52003987744915
238,64.6783,66.77411907894736,65.54738044488711,65.3179405968963,67.28644151812786,68.17818609129957,66.5936494879419,66.49334125795565
242,70.4389,66.99643660565724,68.02821415461554,67.41698628807343,66.39828789405237,67.23869196190765,66.276797362851,66.93836394901295
242,71.1425,66.99643660565724,68.02821415461554,67.41698628807343,66.45496708069547,67.09325043753775,66.3151012599725,67.11323745249153
242,68.8615,66.99643660565724,68.02821415461554,67.41698628807343,64.97769588043955,67.02052457256673,65.60750402354631,64.99529211746128
242,65.8131,66.99643660565724,68.02821415461554,67.41698628807343,66.15429148880614,67.69743555106409,66.01521186906153,66.17226751937534
242,68.3259,66.99643660565724,68.02821415461554,67.41698628807343,66.57536557704205,67.44632853570364,66.98829017110879,67.76425437022284
242,67.2476,66.99643660565724,68.02821415461554,67.41698628807343,66.36963286867774,67.50929287690153,67.00743402481247,68.18388505109026
242,67.2688,66.99643660565724,68.02821415461554,67.41698628807343,66.37258507384396,67.1716459900094,65.89830552318998,64.36915591898358
242,67.7816,66.99643660565724,68.02821415461554,67.41698628807343,66.0368500701954,67.43089732442988,66.24094205727431,65.84301757988864
243,68.9866,67.19172819672131,68.88833581270622,69.7641562840681,67.93919462695098,67.58611736077899,64.95899883862465,66.54912632972147
243,65.0502,67.19172819672131,68.88833581270622,69.7641562840681,68.71560089827891,69.55837321506685,66.24341305714856,67.29115321017326
243,71.4135,67.19172819672131,68.88833581270622,69.7641562840681,69.16839848126958,68.47523046715393,66.54097585558273,66.94964800140828
243,70.899,67.19172819672131,68.88833581270622,69.7641562840681,69.14695249365478,69.616171499673,65.55017813639441,67.13109388833695
243,71.0822,67.19172819672131,68.88833581270622,69.7641562840681,69.69101575712693,69.88790782455814,67.98786491283035,68.07242283088345
243,71.2491,67.19172819672131,68.88833581270622,69.7641562840681,68.86122730139931,70.55407624707173,67.6007583555332,68.09780082999565
243,72.1349,67.19172819672131,68.88833581270622,69.7641562840681,70.45752252843647,70.86671933702348,68.11148364998712,68.05519050976018
243,69.4011,67.19172819672131,68.88833581270622,69.7641562840681,69.79659191991574,70.55503288735311,67.49991143551578,69.94125645826193
147,64.2132,67.22439688013137,66.29068350908919,66.47287152116012,64.09935944019585,66.05565385880716,65.13743230017921,69.26764618028487
147,65.9396,67.22439688013137,66.29068350908919,66.47287152116012,64.57687184594145,66.45614346860263,65.4980352284268,69.92601687359347
147,66.0369,67.22439688013137,66.29068350908919,66.47287152116012,64.58055315805682,66.25885501588444,65.41031071513315,69.76012199001137
147,66.9204,67.22439688013137,66.29068350908919,66.47287152116012,64.56285958462556,66.4925628951188,65.30291063642159,69.26109754944686
147,66.2525,67.22439688013137,66.29068350908919,66.47287152116012,65.0812610529455,66.55797218054846,66.48091006334467,69.50621936093026
209,66.6926,67.22439688013137,65.33565895181646,65.64215076983388,66.38159908614571,63.53620697423435,65.53509966128964,63.72577101725591
209,67.7343,67.22439688013137,65.33565895181646,65.64215076983388,66.93806389074629,63.42092956400448,67.05738559840809,64.61971590339974
209,70.1481,67.22439688013137,65.33565895181646,65.64215076983388,67.50002350211759,63.09804819317296,67.96931028044878,65.22725046917611
209,65.6142,67.22439688013137,65.33565895181646,65.64215076983388,66.88063526752472,62.95189387572209,67.43652946613031,64.9544958118062
209,66.4277,67.22439688013137,65.33565895181646,65.64215076983388,66.17210368948378,62.84216674789073,66.26600526789592,63.978012714067766
209,66.4394,67.22439688013137,65.33565895181646,65.64215076983388,66.98515690351726,63.42092956400448,66.20534581106493,63.890138798922074
209,68.3105,67.22439688013137,65.33565895181646,65.64215076983388,66.96714885084147,63.067878550770295,66.25480094195223,63.35002024206482
209,68.5179,67.22439688013137,65.33565895181646,65.64215076983388,67.62352027522661,63.430183267856236,66.70344518450071,64.0073860434859
70,64.8666,67.08743643790851,64.81880534405005,65.12154768971739,63.39954100476451,66.97081199359447,66.10380212340719,65.98654876877848
70,63.0163,67.08743643790851,64.81880534405005,65.12154768971739,64.08712855904345,67.58894638588652,65.3296153128763,65.37130695953594
70,64.4715,67.08743643790851,64.81880534405005,65.12154768971739,63.44282752192235,66.98318799212892,64.84978440102421,65.2434078368001
70,65.4655,67.08743643790851,64.81880534405005,65.12154768971739,64.00353294965184,67.49550834129138,66.45584868785359,66.49929706460837
70,63.5291,67.08743643790851,64.81880534405005,65.12154768971739,64.31403560790804,68.05970975228581,66.66859816619099,66.62968517819756
70,69.0179,67.08743643790851,64.81880534405005,65.12154768971739,64.86630258858747,68.29342477262978,67.27561831012127,66.25573317992074
70,66.8019,67.08743643790851,64.81880534405005,65.12154768971739,64.97777570345521,68.07769944547329,66.46037249298138,66.6964486281357
70,65.2349,67.08743643790851,64.81880534405005,65.12154768971739,64.56686187239356,67.58854139065848,68.25678343768665,67.11006715208023
108,66.3653,67.23287140495867,65.94471644904108,65.96288575700588,67.35227472078103,70.16909795526055,70.03229155832238,71.22218646953063
108,64.962,67.23287140495867,65.94471644904108,65.96288575700588,67.07556669136282,68.56798184007674,66.4851449922708,68.16650478462162
108,64.8097,67.23287140495867,65.94471644904108,65.96288575700588,67.5373639485999,67.66275585816201,67.00737108686317,68.56960759445312
108,65.8408,67.23287140495867,65.94471644904108,65.96288575700588,66.97795652164369,68.33704384831599,67.67115174555352,68.12966026703249
108,65.9811,67.23287140495867,65.94471644904108,65.96288575700588,66.84885280664047,66.75866099320874,68.50624506919807,69.6893132085779
108,65.4069,67.23287140495867,65.94471644904108,65.96288575700588,67.33004578904328,67.32903301814244,68.98389624152537,70.06845091755832
108,65.2249,67.23287140495867,65.94471644904108,65.96288575700588,67.34515830408988,68.56287913145984,68.40583854042126,70.29723886770765
108,65.4033,67.23287140495867,65.94471644904108,65.96288575700588,67.72872921215027,68.68790626112248,71.11159667420486,71.21443112704114
149,62.287,67.16528990228012,63.003707475043804,63.13397865250829,64.14814151046119,61.8315157735282,62.55449663911606,63.13311278128834
149,63.2143,67.16528990228012,63.003707475043804,63.13397865250829,64.48491699298596,61.793429332701905,62.95398177250636,63.30603197872235
149,57.8982,67.16528990228012,63.003707475043804,63.13397865250829,60.79964124187288,59.93678126792121,60.45667716376842,61.80043968631554
149,60.9174,67.16528990228012,63.003707475043804,63.13397865250829,59.09392568581988,60.00644864589616,59.92280598582104,61.07965444797631
149,64.1223,67.16528990228012,63.003707475043804,63.13397865250829,64.03758630308987,61.142114835729835,63.44578182496898,64.44174362731525
50,67.1284,66.89137650897226,66.2959327169156,66.62947360254695,65.59117762727992,68.96326684528222,66.17404268926295,67.87772814252403
50,69.0834,66.89137650897226,66.2959327169156,66.62947360254695,66.96297150302492,69.12171842686361,67.29177209724702,69.8683195203867
50,68.4086,66.89137650897226,66.2959327169156,66.62947360254695,65.25905396900565,69.18781371683878,65.30036745947724,68.96051772273553
50,66.9757,66.89137650897226,66.2959327169156,66.62947360254695,65.95620730473863,69.24855239576252,66.00478327883171,67.78886338146324
50,68.1302,66.89137650897226,66.2959327169156,66.62947360254695,66.02132001886059,69.20313211982977,67.22933691107811,69.6896095092859
50,70.3693,66.89137650897226,66.2959327169156,66.62947360254695,65.3334960944464,68.8311201827743,66.05218396068912,69.19618198474201
50,67.3349,66.89137650897226,66.2959327169156,66.62947360254695,65.85553429564204,69.19781942622076,65.13184337872761,67.49645654505588
50,68.2962,66.89137650897226,66.2959327169156,66.62947360254695,67.46964724326438,69.41969202933949,66.8123077165672,71.21974904574189
137,73.294,66.77411907894736,69.58776762628922,70.19239798625341,69.70810130730244,67.25606952160709,69.84002628887573,69.3028662266252
137,71.5881,66.77411907894736,69.58776762628922,70.19239798625341,70.19896689049496,67.12461983602019,69.55711056261032,68.03308043488036
137,72.8612,66.77411907894736,69.58776762628922,70.19239798625341,70.03860884848538,67.27994059117361,71.5103449146562,69.74197989923941
137,71.5879,66.77411907894736,69.58776762628922,70.19239798625341,70.14223085341155,67.71113756502868,69.49256892625753,68.11080589190523
137,72.5252,66.77411907894736,69.58776762628922,70.19239798625341,70.38414442358433,68.97227411755257,70.07344462386834,68.90001578480678
137,74.4849,66.77411907894736,69.58776762628922,70.19239798625341,70.723544684393,68.9525216037085,71.09636301302436,69.95448560778608
137,69.9409,66.77411907894736,69.58776762628922,70.19239798625341,70.26051522699055,68.37218946446569,68.95571693987526,68.0769087781748
150,60.8149,67.22439688013137,67.2107774522788,67.3090792499628,66.3724766944528,66.12163949693077,69.9468239492922,69.59720716065777
150,74.0229,67.22439688013137,67.2107774522788,67.3090792499628,66.45853959685668,65.3808797652762,70.00446981933862,68.88181618780456
150,73.4156,67.22439688013137,67.2107774522788,67.3090792499628,66.76958147859717,65.9835008721474,71.25137613936673,70.8974385604067
150,69.3275,67.22439688013137,67.2107774522788,67.3090792499628,66.32293496096902,65.70100805712278,68.08176605328264,67.8703112617025
150,68.8375,67.22439688013137,67.2107774522788,67.3090792499628,66.90285736908362,66.96149075446925,71.1931223510203,70.65865873545386
128,68.4666,67.16528990228012,66.85851928547153,66.56951011433405,69.76137427333039,69.70928029495244,69.25590913965637,70.50688040147477
128,68.2517,67.16528990228012,66.85851928547153,66.56951011433405,70.48721233707388,71.08526259921167,69.74878250291201,71.38598944673153
128,66.1493,67.16528990228012,66.85851928547153,66.56951011433405,70.82210411816388,71.37677858412358,70.6846454939217,71.0357625672329
128,68.1547,67.16528990228012,66.85851928547153,66.56951011433405,71.48075091221293,71.0542675287314,71.7540338928929,72.57860825488677
128,67.8997,67.16528990228012,66.85851928547153,66.56951011433405,70.08818475134473,70.64075894540944,70.56744677026303,71.3600203809062
128,68.0046,67.16528990228012,66.85851928547153,66.56951011433405,71.15749447670758,70.45287084491784,70.64036298596488,70.63733917975937
128,68.0372,67.16528990228012,66.85851928547153,66.56951011433405,71.29279200443032,70.79689598146257,71.07079989800833,71.16669972222692
128,67.8641,67.16528990228012,66.85851928547153,66.56951011433405,71.42545587053208,71.14732212004503,71.29198046211056,71.55033040365832
192,65.8519,66.99643660565724,63.90643274682166,64.14511385043294,63.213819192265944,63.85738159010081,65.37143279921402,63.88377179144105
192,66.0001,66.99643660565724,63.90643274682166,64.14511385043294,64.95102017893721,63.960766150098834,69.31553343505342,64.89157449588572
192,64.8018,66.99643660565724,63.90643274682166,64.14511385043294,65.12863973088524,63.960766150098834,66.69226486416117,66.10259853114518
192,67.2456,66.99643660565724,63.90643274682166,64.14511385043294,65.35537822210006,63.960766150098834,67.65340556730172,66.39056620469027
192,66.1275,66.99643660565724,63.90643274682166,64.14511385043294,65.04240804678102,64.05362667370643,65.57519141414045,63.92893986572293
192,64.2752,66.99643660565724,63.90643274682166,64.14511385043294,65.35281748431369,64.32664866618344,65.28214335457753,63.70192392467217
192,63.9486,66.99643660565724,63.90643274682166,64.14511385043294,65.2191157937089,63.93282593708613,64.53779166748699,63.42711670615231
192,64.6811,66.99643660565724,63.90643274682166,64.14511385043294,65.73808773064466,63.955390288815714,66.21404068111316,66.18896733057494
193,71.3644,66.77411907894736,66.28986302846343,66.68128041598222,69.9248319837403,72.1541898087224,71.56923899722997,71.07228237094269
193,73.7808,66.77411907894736,66.28986302846343,66.68128041598222,69.60197177344028,72.02020236561152,70.40981907572021,71.6993393062558
193,72.4185,66.77411907894736,66.28986302846343,66.68128041598222,68.73452937330354,70.87157508282316,71.05306405576974,72.49946962757582
193,70.3438,66.77411907894736,66.28986302846343,66.68128041598222,69.03695971997642,71.98370542502292,69.19017390170582,71.26836697474448
193,74.544,66.77411907894736,66.28986302846343,66.68128041598222,70.04836159894053,72.19527648790312,71.77402024474675,72.068684961951
193,69.8728,66.77411907894736,66.28986302846343,66.68128041598222,68.41706729582621,71.3168575999108,68.73421200996236,70.80593185447286
193,71.3782,66.77411907894736,66.28986302846343,66.68128041598222,69.9876243830745,72.59840079864904,69.22721979124951,71.98544542393233
193,73.6975,66.77411907894736,66.28986302846343,66.68128041598222,68.63435974453448,71.49964167057797,71.0075908888453,72.56146711488509
49,68.4291,66.77411907894736,65.42092571777043,65.00328744031383,66.73562680131904,67.98643811828688,68.12841847599168,67.22636416114004
49,70.3446,66.77411907894736,65.42092571777043,65.00328744031383,66.97059299668732,67.00186277152507,70.96313697366536,69.64359953898345
49,69.718,66.77411907894736,65.42092571777043,65.00328744031383,67.94729613153567,67.05984510048154,72.0082723336321,68.84169156532822
49,72.8996,66.77411907894736,65.42092571777043,65.00328744031383,68.3240878834552,66.84335040429158,72.68958417717128,69.61317925132181
49,67.6853,66.77411907894736,65.42092571777043,65.00328744031383,66.43936197871206,67.57054977472598,67.92082586119666,66.63944801830563
49,68.1359,66.77411907894736,65.42092571777043,65.00328744031383,67.15142006331891,67.30188592537185,69.81617379865884,68.96060828274032
49,72.4951,66.77411907894736,65.42092571777043,65.00328744031383,68.00658010290552,68.72634532692953,71.37548229175286,70.12658935649091
49,69.8004,66.77411907894736,65.42092571777043,65.00328744031383,67.98523490643475,70.1613755095431,70.59313285787755,70.00886828432093
222,68.1541,67.08743643790851,62.3272029131904,64.5230435364555,66.18463850908833,62.775028453546874,68.14786594895399,63.99184786137178
222,68.1473,67.08743643790851,62.3272029131904,64.5230435364555,67.16037183576785,62.80609420190287,67.38362745300591,64.21480181697875
222,71.4042,67.08743643790851,62.3272029131904,64.5230435364555,67.39921105050699,62.83874032799256,69.05028385961629,64.22536040338191
222,71.9096,67.08743643790851,62.3272029131904,64.5230435364555,67.06107335281762,62.775028453546874,69.5533022641531,64.30575266449844
222,69.0217,67.08743643790851,62.3272029131904,64.5230435364555,68.19300911990454,62.84434011739002,70.03383816988544,64.40382434198496
222,71.9226,67.08743643790851,62.3272029131904,64.5230435364555,68.22028954594481,62.789430900872,69.85082389493006,64.48205625864492
222,70.3256,67.08743643790851,62.3272029131904,64.5230435364555,67.07981933208427,62.83874032799256,68.86355580725592,64.46205228977932
222,67.9435,67.08743643790851,62.3272029131904,64.5230435364555,68.11197028905507,62.83874032799256,68.99210995865526,64.90701652517252
151,56.5657,67.08743643790851,65.46515667087343,65.25472198882694,65.72526003138701,64.56959658262112,61.39355369512653,63.404756606268776
151,56.9455,67.08743643790851,65.46515667087343,65.25472198882694,65.38399372838134,64.91558044596476,61.686846653313104,63.466286543600624
151,55.805,67.08743643790851,65.46515667087343,65.25472198882694,66.51608755100425,64.86871373639183,61.01071610196432,63.43883706620283
151,57.6903,67.08743643790851,65.46515667087343,65.25472198882694,66.26679097882136,64.91558044596476,60.80635851498471,63.259838460600186
151,56.7284,67.08743643790851,65.46515667087343,65.25472198882694,65.95189748113101,64.63331042085223,62.02932115994917,63.60492092334913
152,71.3822,66.89137650897226,69.41782033452499,68.90930808311089,66.95058524173955,67.66695497483846,67.09042377926852,67.73946869451842
152,69.2423,66.89137650897226,69.41782033452499,68.90930808311089,67.46471501301596,68.11365299840207,67.07616158182685,68.5304703138538
152,74.1675,66.89137650897226,69.41782033452499,68.90930808311089,67.01198586138703,68.20019696620766,68.70656547939763,70.44240667671387
152,72.1336,66.89137650897226,69.41782033452499,68.90930808311089,67.37068285861785,68.4666323910317,68.37943789738878,70.07337639186062
152,73.9687,66.89137650897226,69.41782033452499,68.90930808311089,67.65774497055524,68.28660493292332,67.2382484895802,70.06922110484139
157,65.4892,66.77411907894736,71.36519898581838,71.86074692944656,74.1666742116343,73.95973117981528,70.3005541641221,70.93802301173936
157,61.5046,66.77411907894736,71.36519898581838,71.86074692944656,72.44484759570778,71.44451545079508,68.36435094895647,67.92482632778567
157,61.4768,66.77411907894736,71.36519898581838,71.86074692944656,73.64914497857238,73.60557800824682,68.74289202908055,67.26167640501814
157,67.8471,66.77411907894736,71.36519898581838,71.86074692944656,72.91538269497802,72.70673544878306,68.54857279798037,67.96519165077258
157,62.6485,66.77411907894736,71.36519898581838,71.86074692944656,73.8924868730827,74.60679898352856,69.41856819300017,67.65646603654929
5,66.9317,67.19172819672131,70.72975943948292,71.61046922340073,69.51443631693486,69.51236262449041,68.04763912559073,68.79410258481079
5,67.5289,67.19172819672131,70.72975943948292,71.61046922340073,70.79143442710452,71.75870743769559,68.92167627283385,71.25247973977353
5,68.2407,67.19172819672131,70.72975943948292,71.61046922340073,71.0724023983014,72.63032768696789,69.3122531515371,71.57545704535903
5,67.5669,67.19172819672131,70.72975943948292,71.61046922340073,70.84713143661284,72.51144036576143,68.98530507938554,70.36802263651107
5,68.0812,67.19172819672131,70.72975943948292,71.61046922340073,70.55320084948141,72.64490498750428,70.34445912523594,70.96047592618237
162,59.8084,67.23287140495867,68.50324447167483,67.09794896519593,67.20756699546907,67.08463174028324,60.47849757930139,61.41968619335696
162,65.4589,67.23287140495867,68.50324447167483,67.09794896519593,66.71550911010793,66.8816841713868,60.335489890918666,65.40836219933108
162,62.7887,67.23287140495867,68.50324447167483,67.09794896519593,67.02989889735825,67.14137789896222,60.61361655209506,62.79976364850779
162,62.396,67.23287140495867,68.50324447167483,67.09794896519593,67.47111373119222,66.27160189683795,60.18377590412509,62.02222794988691
162,63.9992,67.23287140495867,68.50324447167483,67.09794896519593,66.94394965926175,66.5633016357278,59.88155611221789,63.50598347583801
163,71.874,67.16528990228012,71.6362468047572,71.90557391526522,69.52506619671732,66.37166261328917,70.9032220814105,69.75805419661239
163,70.3116,67.16528990228012,71.6362468047572,71.90557391526522,69.38742445141263,66.7915334195079,70.90156518236446,69.90610877003303
163,72.4937,67.16528990228012,71.6362468047572,71.90557391526522,69.03254244582625,67.2016631961706,70.66165374135024,70.08872464421124
163,73.4984,67.16528990228012,71.6362468047572,71.90557391526522,69.74986667429286,66.31875654124165,71.21886847864575,69.57232661111233
163,75.1569,67.16528990228012,71.6362468047572,71.90557391526522,70.47874617709648,67.04215857625033,72.2914483145051,70.43350745475804
164,64.8262,66.89137650897226,70.31328737887115,70.43251059142084,68.3957588726202,68.22170462241058,69.01390233781429,68.83248978096952
164,65.5026,66.89137650897226,70.31328737887115,70.43251059142084,68.46845451307037,68.22170462241058,69.42970697035956,69.45883555652468
164,69.8654,66.89137650897226,70.31328737887115,70.43251059142084,68.48937489516278,68.22915231362072,69.12439984648991,68.65490599460672
164,64.7597,66.89137650897226,70.31328737887115,70.43251059142084,67.83488152620627,68.22915231362072,69.19776641583805,69.0915083230482
164,66.9887,66.89137650897226,70.31328737887115,70.43251059142084,68.2164199050098,68.17844892977514,68.96147583002342,67.73674760316807
8,61.6612,67.22439688013137,66.19575709026512,66.45706321237834,64.70123004387551,67.07324253628208,63.13139374034438,64.41269836880933
8,60.6199,67.22439688013137,66.19575709026512,66.45706321237834,64.54306093353463,67.0665909710816,63.59092080977124,65.51741916073675
8,52.8558,67.22439688013137,66.19575709026512,66.45706321237834,62.36442367292653,65.1020815410824,59.455204436096686,61.867854534032595
8,59.8451,67.22439688013137,66.19575709026512,66.45706321237834,63.163454593952956,65.75262854017603,61.944668176852446,63.82836460233835
8,57.2506,67.22439688013137,66.19575709026512,66.45706321237834,64.76982472796486,65.83164587049022,62.813083395422254,64.36746686125451
167,56.4365,67.17816175496688,63.92273307973248,62.25366818947347,62.67865626520301,65.4378461108359,61.03301694389463,63.439983966490374
167,55.9183,67.17816175496688,63.92273307973248,62.25366818947347,63.24928257483612,65.59924017181436,59.83744930298071,63.02209402014705
167,54.0463,67.17816175496688,63.92273307973248,62.25366818947347,63.798517536677636,65.67869608631197,61.91418932750791,65.51488835831043
167,54.9402,67.17816175496688,63.92273307973248,62.25366818947347,63.95487791455602,65.67353420546362,63.132701772063186,65.01018384609375
167,55.8053,67.17816175496688,63.92273307973248,62.25366818947347,64.08846684306506,65.53309192059585,62.54254139990711,63.94130011025556
174,65.0445,66.94431442463534,71.0494688795888,71.9258368450281,71.16534625368767,70.38226525341656,68.71300508712255,70.16763661222603
174,66.4028,66.94431442463534,71.0494688795888,71.9258368450281,71.79279117202633,71.25562759006542,70.11481158134532,72.71868713192924
174,66.337,66.94431442463534,71.0494688795888,71.9258368450281,70.42930091479701,70.21986460047106,68.99624302335295,71.64450738386815
174,68.7712,66.94431442463534,71.0494688795888,71.9258368450281,72.25349451987275,72.78297063329674,71.16527610826988,74.69028200764602
174,70.3682,66.94431442463534,71.0494688795888,71.9258368450281,72.68303687801327,72.75308010672597,70.66317158804067,73.77026391461554
176,65.3704,67.16528990228012,66.83538200790134,67.03250002233865,64.54216371339272,66.0777141865475,67.82547316127355,69.70623252189397
176,67.9466,67.16528990228012,66.83538200790134,67.03250002233865,65.48848234044314,66.24850971713525,69.60368080153799,69.0767357533512
176,69.0888,67.16528990228012,66.83538200790134,67.03250002233865,66.20141356428988,67.32461099173044,71.42493410652489,70.3395508036865
176,70.2928,67.16528990228012,66.83538200790134,67.03250002233865,63.84861533362751,66.5905044917911,68.36716480997337,70.26206688014766
176,67.7032,67.16528990228012,66.83538200790134,67.03250002233865,65.18362310124465,66.89987160899551,69.20813320720207,70.41252820005776
177,71.5208,67.17816175496688,70.58121626778603,74.5110945962053,71.31251826000386,69.43155945927319,71.37819496288287,69.21259292311986
177,70.2543,67.17816175496688,70.58121626778603,74.5110945962053,71.42915718245115,69.81562934627706,71.23561131106273,69.29739533589563
177,69.3481,67.17816175496688,70.58121626778603,74.5110945962053,71.32868163618437,69.28150212256162,71.0939237232097,68.79336647428516
177,70.0833,67.17816175496688,70.58121626778603,74.5110945962053,71.82289063478456,69.54451025211563,71.78291806677608,69.04709056364148
177,71.2026,67.17816175496688,70.58121626778603,74.5110945962053,71.55334047769477,69.56518300468166,72.27383183244598,69.11656367692775
178,67.4661,67.08743643790851,72.46475318455263,72.75310871118451,70.63721298921128,68.22982791098093,69.20895644387289,68.42058384512218
178,70.7922,67.08743643790851,72.46475318455263,72.75310871118451,71.79988294312933,69.39913527892153,70.76552889284739,71.00278748589658
178,72.8335,67.08743643790851,72.46475318455263,72.75310871118451,70.88712550197394,68.18981659825545,70.86680039059215,69.81930743992193
178,71.1357,67.08743643790851,72.46475318455263,72.75310871118451,70.66347216709339,68.2369670438968,70.12640511435583,69.15118177203303
178,74.6894,67.08743643790851,72.46475318455263,72.75310871118451,72.11674742247088,68.88358251435916,72.08219484427217,71.06351943106486
179,74.0327,66.94431442463534,70.74304568741474,71.69818644431358,73.43169038672761,70.49242840522555,71.00164174901941,70.84119131626552
179,73.3095,66.94431442463534,70.74304568741474,71.69818644431358,74.10262049965502,71.09059363693848,71.45397282625652,71.51973910144648
179,72.5907,66.94431442463534,70.74304568741474,71.69818644431358,73.59678960625936,70.80317435667024,70.53164196630799,69.15628588660738
179,73.3997,66.94431442463534,70.74304568741474,71.69818644431358,73.62265830240005,70.74888989278915,70.87060485400504,71.78804164505794
179,72.8765,66.94431442463534,70.74304568741474,71.69818644431358,72.35412195729774,70.54170473054948,70.32321756514655,71.84964817687272
